,Country,Year,Corruption,ForestArea,PopDense,Renewables,AFF,CO2,EnergyCons,BirthRate,Lexpectancy,DrinkingWater,Sanitation,PopTotal,ForeignInvest,Labor,EmployRatio,Trade,Vulnerable,AirFreight,Aquaculture,Temp,Rainfall,Label,PM2.5
0,Bahrain,2000,0.380999088,0.521126747,936.0718384,0,0.268763512,28.31587791,11988.77539,21.72200012,74.44000244,99.89794159,99.85440063,664611,2.902019739,280118,64.9240036,135.809021,1.597000003,208.8009949,12,28.36362457,7.699572563,High,45
1,Bahrain,2001,0.601089478,0.549295783,982.4577637,0,0.268763512,20.21319771,11738.21289,21.16600037,74.63500214,99.90803528,99.86791992,697545,6.853000164,291227,64.96399689,127.0261154,1.589000106,233.9279938,0,28.61989212,7.184089184,High,13
2,Bahrain,2002,0.820578575,0.563380301,1035.41687,0,0.268763512,21.61354446,11548.58105,20.5909996,74.8219986,99.91812897,99.88143921,735146,4.011541843,305448,65.23600006,130.6075287,2.286999941,244.1150055,3,27.92240906,5.775375843,High,121
3,Bahrain,2003,0.399893194,0.583333313,1081.53894,0,0.268763512,21.57701492,11566.54492,19.99600029,74.99900055,99.92822266,99.8949585,778708,0.89524287,325858,65.87400055,128.0914917,2.229000092,341.2319946,4,28.20116615,2.262286663,High,108
4,Bahrain,2004,0.451451093,0.589041114,1136.772583,0,0.268763512,21.63494873,10895.01563,19.38500023,75.16699982,99.93831635,99.90847778,829844,2.252734423,349795,66.7539978,140.7372284,2.052000046,416.5140076,8,28.03978348,6.671758175,High,248
5,Bahrain,2005,0.390058488,0.608108103,1201.572998,0,0.268763512,22.35673904,11675.45898,18.77799988,75.3259964,99.94841003,99.92199707,889164,4.665540218,378726,67.73899841,148.3134918,2.166000128,446.125946,3,28.08279991,6.123040199,High,122
6,Bahrain,2006,0.194029897,0.621621609,1295.159424,0,0.268763512,20.33953094,11604.20117,18.20299911,75.47799683,99.95850372,99.93551636,958418,6.580206394,413257,68.16699982,147.1018524,2.180000067,475.6569824,2,27.93515778,6.802101612,High,39
7,Bahrain,2007,0.180773601,0.639999986,1381.225342,0,0.292271703,25.9152565,11233.91797,17.68499947,75.625,99.96859741,99.94904327,1035919,6.56659317,453396,68.85399628,137.7850494,2.064999819,505.1880188,1,27.70097542,6.394962311,High,123
8,Bahrain,2008,0.188940004,0.644736826,1466.632935,0,0.264810234,26.70698929,11318.25781,17.23900032,75.76999664,99.9786911,99.96256256,1114641,15.75061607,501657,69.7009964,145.8826599,2.019000053,534.7190552,2,28.01723289,6.862077713,High,114
9,Bahrain,2009,0.185156599,0.671052635,1559.310547,0,0.337284356,23.81076431,10339.19043,16.86300087,75.91300201,99.98878479,99.97608185,1185076,8.082431793,556576,70.58599854,117.9637222,1.963999987,564.3309937,2,28.19650078,3.831151724,High,12
10,Bahrain,2010,0.183212996,0.695538044,1628.425293,0,0.297677219,23.58551979,10207.86816,16.54700089,76.05699921,99.99887848,99.98960114,1240860,6.977584839,614060,71.40399933,120.4723969,1.991999984,504.493988,3.187000036,28.00100899,3.338047504,High,136
11,Bahrain,2011,0.217317805,0.704041779,1666.428955,0,0.290850282,22.57032967,9912.710938,16.27099991,76.19999695,100,100,1278151,1.121052861,668183,70.53900146,174.1589661,1.995999932,417.5829773,3.424000025,28.32619095,8.785218239,High,93
12,Bahrain,2012,0.37384209,0.727272749,1688.237671,0,0.275737047,21.19618988,9659.604492,16.00499916,76.34200287,100,100,1299943,0.605800033,714129,70.63800049,185.8889771,1.952999949,338.0710144,1.725000024,28.91910744,2.403029203,High,13
13,Bahrain,2013,0.433094114,0.740259707,1707.829834,0,0.274789035,23.8837738,10419.81543,15.72700024,76.48400116,100,100,1315029,2.713493586,727110,70.65599823,191.8778076,1.932000041,265.615448,0,28.125,4.91545248,High,20
14,Bahrain,2014,0.278830498,0.765239954,1732.911865,0,0.299909681,23.47736359,10596.55078,15.42599964,76.62400055,100,100,1336075,5.023465157,740032,70.70600128,175.5646515,1.889999986,258.367981,5.710000038,28.29679108,4.253380775,High,12
15,Bahrain,2015,0.138849497,0.771208227,1763.304565,0,0.315466046,23.97708702,10596.55078,15.09599972,76.76200104,100,100,1371851,11.45594501,747939,70.77500153,154.0673981,1.840999961,240.1070099,6,27.85209084,3.289249897,High,170
16,Bahrain,2016,-0.0158624,0.78406167,1832.63623,0,0.332012475,22.22898102,10596.55078,14.73799992,76.89900208,100,100,1425791,4.54843092,758823,70.77500153,154.0673981,1.840999961,387.3108215,6,28.24672508,7.809196472,High,50
17,Bahrain,2017,-0.140962303,0.78406167,1920.403564,0,0.291006505,22.22898102,10596.55078,14.36499977,77.03199768,100,100,1494074,0.208487853,777898,70.77500153,154.0673981,1.840999961,390.3900146,6,28.73196602,4.241576672,High,26
18,Bahrain,2018,-0.147291005,0.78406167,2017.273682,0,0.289107978,22.22898102,10596.55078,13.98999977,77.16300201,100,100,1569439,0.756860733,816373,70.77500153,154.0673981,1.840999961,420.9837646,6,28.59210014,1.537863374,High,41
19,Bangladesh,2000,-1.108687043,11.27756023,980.7010498,59.00848389,22.71814728,0.216415808,143.0538177,27.49300003,65.4469986,95.21504211,25.64404106,127657856,0.380236179,44628348,55.59600067,29.3217144,64.94799805,193.8670044,657120,25.53149986,218.1898804,High,52
20,Bangladesh,2001,-1.235129833,11.25758648,999.3754272,55.79384232,21.84834099,0.250764519,153.5600739,26.81800079,65.95600128,95.38697815,26.97425461,130088704,0.35042125,46112848,55.57600021,32.09801865,64.68099976,169.602005,712640,25.74193382,216.8646088,High,27
21,Bangladesh,2002,-1.361227036,11.23761272,1017.731323,54.32211304,20.58413506,0.253743023,154.3926544,26.13199997,66.43000031,95.56340027,28.33347511,132478088,0.525362074,47598772,55.53699875,28.96738052,64.97299957,171.5820007,786604,24.88579178,202.1598206,High,42
22,Bangladesh,2003,-1.44282198,11.21763802,1035.504395,52.63786316,19.81271744,0.260732323,159.8950043,25.43899918,66.88600159,95.73787689,29.68812752,134791600,0.145443901,48946792,55.12599945,27.6578846,64.71099854,175.4960022,856956,25.63728333,187.3379974,High,67
23,Bangladesh,2004,-1.496538043,11.19766426,1052.365601,52.12359238,19.26696014,0.275079012,160.2451019,24.74200058,67.33100128,95.91029358,31.03777504,136986432,0.095579371,50303952,55.10800171,26.85823441,64.56800079,180.4320068,914752,25.41999245,210.9921722,High,79
24,Bangladesh,2005,-1.387596965,11.17769051,1068.107178,50.77596283,18.5710392,0.284106731,163.9427338,24.0529995,67.77300262,96.00987244,32.41222,139035504,0.44596079,51642720,55.16400146,34.39693451,63.90000153,183.4929962,882091,25.37542534,197.7574463,High,37
25,Bangladesh,2006,-1.434257984,11.15771675,1082.593262,48.90239716,18.03401566,0.309163123,173.3027496,23.38400078,68.21299744,96.10640717,33.78316498,140921168,0.689472318,52936000,55.41899872,38.11192322,63.22999954,190.8309937,892049,25.4572506,181.6969299,High,40
26,Bangladesh,2007,-1.056077957,11.137743,1095.954346,47.48291779,17.80653763,0.312205702,178.8510437,22.74699974,68.64800262,96.19976807,35.14919662,142660384,1.095149875,54175076,55.11299896,39.94238281,62.66500092,89.02600098,945812,25.62765884,159.8205872,High,55
27,Bangladesh,2008,-1.034564972,11.11776829,1108.582397,45.58141708,17.5956955,0.343895197,185.5821075,22.15299988,69.0719986,96.28985596,36.50894165,144304160,0.635657191,55153624,54.80199814,42.62091446,62.18199921,84.21900177,1005542,25.99757576,173.380661,High,36
28,Bangladesh,2009,-1.069779992,11.09779453,1121.032471,43.68911743,17.10462952,0.373296976,193.0731201,21.60499954,69.48500061,96.37656403,37.86104965,145924800,0.817754447,56091456,54.24900055,40.09279633,61.31399918,0.013,1064285,25.63485909,258.3078003,High,25
29,Bangladesh,2010,-1.057121038,11.07782173,1133.713013,41.05084229,17.00118065,0.408083797,206.7611542,21.10700035,69.8809967,96.45986938,39.20461273,147575424,1.449748397,57004748,55.06100082,37.80284119,61.00799942,164.4246368,1308515,25.50484085,180.3876953,High,44
30,Bangladesh,2011,-1.08731401,11.05784798,1146.760254,39.43785477,16.80998611,0.423609227,212.057373,20.65699959,70.2559967,96.53965759,40.53809738,149273776,0.879494548,57920440,54.80799866,47.42084885,61.39199829,159.6927795,1523759,26.22204971,173.076767,High,34
31,Bangladesh,2012,-0.849843323,11.03787422,1160.081543,38.61267853,16.17756271,0.448127955,219.969635,20.24500084,70.60600281,96.61576843,41.85974121,151007808,1.068934917,58860664,54.56700134,48.11092377,60.77400208,152.3190308,1726066,26.11276627,195.678894,High,73
32,Bangladesh,2013,-0.887070596,11.01789951,1173.578247,38.76048279,15.49327755,0.45466432,222.0566559,19.86199951,70.93000031,96.68811035,43.16815186,152764672,0.983166516,59932584,54.18999863,46.29640198,59.92300034,225.1869049,1859808,25.46449089,233.1747284,High,60
33,Bangladesh,2014,-0.886938274,10.99792576,1187.064331,37.63448334,15.35162067,0.477335989,229.2464142,19.50099945,71.23100281,96.75671387,44.4627037,154520160,1.188102841,61016512,54.10900116,44.51408005,59.20700073,207.7384186,1956925,24.97877502,177.428299,High,33
34,Bangladesh,2015,-0.808335185,10.977952,1200.401611,34.74707031,14.78299618,0.518850863,229.2464142,19.15600014,71.51399994,96.82151794,45.7421608,156256272,1.735418558,62111484,54.02700043,42.08599854,58.57699966,57.00954819,2060408,24.89361572,180.0890503,High,58
35,Bangladesh,2016,-0.857089698,10.95797825,1213.573364,34.74707031,14.04554749,0.53329879,229.2464142,18.8239994,71.78500366,96.88253021,47.00580215,157970848,1.468712926,63214860,54.02700043,42.08599854,58.57699966,53.97916031,2203554,24.86855888,160.2811737,High,50
36,Bangladesh,2017,-0.831741929,10.95797825,1226.631226,34.74707031,13.41346455,0.53329879,229.2464142,18.50099945,72.05200195,97.01600647,48.23324203,159670592,1.451287746,64315696,54.02700043,42.08599854,58.57699966,61.74997711,2203554,24.88594246,212.0002289,High,54
37,Bangladesh,2018,-0.905127883,10.95797825,1239.579346,34.74707031,13.07431698,0.53329879,229.2464142,18.18400002,72.31999969,97.01600647,48.23324203,161356032,1.050952196,65383992,54.02700043,42.08599854,58.57699966,63.81815338,2203554,25.35675049,176.8614502,High,62
38,Canada,2000,2.115544081,38.24727631,3.37446475,21.51040077,1.865594864,17.41463852,8265.080078,10.69999981,79.13658905,99.11182404,99.78215027,30685730,3.599559307,15698979,60.81299973,82.85772705,10.60400009,1896.114014,127665,-4.659417629,38.29541016,Low,3
39,Canada,2001,2.07514286,38.24230957,3.411323309,21.00867844,1.876011014,17.0184288,8056.349609,10.69999981,79.3390274,99.11573029,99.78371429,31020902,3.66652751,15986015,60.65200043,78.40631866,10.0010004,1709.812988,153046,-5.460449219,40.54865646,Low,13
40,Canada,2002,2.034852028,38.23733521,3.448621988,21.76983643,1.743071556,16.56039238,7993.879395,10.5,79.490242,99.11664581,99.78408051,31360080,9.202457428,16235249,61.24700165,75.7326889,10.0909996,1578.026978,172046,-6.211012363,38.07581711,Low,7
41,Canada,2003,1.986541986,38.23236465,3.479847431,21.18307877,1.810020924,17.47884178,8341.342773,10.60000038,79.74146271,99.1175766,99.78445435,31644028,3.855700254,16492176,61.98300171,69.84343719,10.31799984,1496.296997,167798,-5.404357433,38.41297531,Low,6
42,Canada,2004,1.827713966,38.2273941,3.512467146,21.5813961,1.933549166,17.32455444,8455.546875,10.5,79.89268494,99.11849213,99.78482056,31940656,3.231967449,16944708,62.18399811,70.18054962,10.1960001,1656.578979,145018,-6.418768406,37.65739822,Low,5
43,Canada,2005,1.879261017,38.22242355,3.545798302,22.24852753,1.659035683,17.41190147,8422.03418,10.60000038,80.19268036,99.14312744,99.74615479,32243752,0.785746276,17361674,62.1590004,69.7098465,10.25800037,1526.81897,154587,-5.909005165,38.31948471,Low,6
44,Canada,2006,1.962553978,38.21639633,3.581804276,22.08874893,1.498451591,17.56133652,8239.946289,10.89999962,80.34390259,99.16786194,99.70758057,32571174,0.140922427,17583892,62.36500168,67.98118591,10.09699917,1503.185059,171629,-7.07712841,37.85967636,Low,9
45,Canada,2007,2.00090003,38.21037292,3.616758108,22.12619209,1.407025695,17.38715744,8213.389648,11.19999981,80.54389954,99.1934967,99.66950989,32889024,2.184559345,17734768,62.99700165,66.19204712,10.44299984,1429.844971,152486,-5.34928894,41.74080658,Low,6
46,Canada,2008,2.002688885,38.2043457,3.65613699,22.52531433,1.597654581,16.89745712,8194.880859,11.30000019,80.69512177,99.21898651,99.63149261,33247118,4.888360977,17912036,63.08100128,66.92423248,10.48499966,1388.665039,155549,-4.633814812,38.14445877,Low,4
47,Canada,2009,2.061789036,38.1983223,3.698120356,22.70125771,1.375939846,15.82542992,7797.121094,11.30000019,80.99512482,99.2443161,99.59352112,33628896,8.220132828,18274724,61.18399811,58.34824753,11.01499939,1346.937988,155928,-6.174463272,39.45202637,Low,5
48,Canada,2010,2.069798946,38.19229507,3.739467859,22.08098984,1.331663966,15.50551319,7788.560547,11.10000038,81.24633789,99.26950073,99.5555954,34004888,4.526210785,18573598,61.2140007,60.06072998,10.81400013,1957.328491,162341,-6.482341766,39.95335007,Low,2
49,Canada,2011,1.977882981,38.18716812,3.776245594,21.96541786,1.605664015,15.22379398,7911.554688,11,81.44878387,99.29436493,99.51760864,34339328,1.526554585,18709052,61.38700104,62.32862091,10.62699986,1980,169706,-6.266198158,38.48348999,Low,3
50,Canada,2012,1.927135944,38.18204498,3.817472219,22.6102581,1.811345696,14.91382217,7733.411621,11,81.64878082,99.31808472,99.47897339,34714224,1.841558814,18913516,61.37900162,62.39713669,10.66600037,1960,184910,-4.186646461,39.92811584,Low,10
51,Canada,2013,1.886832952,38.17691803,3.858021259,22.37968063,1.894231558,14.79888248,7743.725586,10.80000019,81.7487793,99.34176636,99.44033813,35082952,2.142292261,19059144,61.49000168,61.9733963,10.72699928,1946.305542,168015,-5.70993185,38.33971024,Low,5
52,Canada,2014,1.83642602,38.17179489,3.897002935,22.02465248,1.58654809,15.25547218,7897.855469,10.80000019,81.80000305,99.36540985,99.40171814,35437436,2.706688404,19264216,61.15999985,64.05762482,10.69999981,2084.318115,139732,-5.398873329,37.82644272,Low,20
53,Canada,2015,1.886580944,38.16667175,3.926196575,22.02536011,1.869835973,15.38895035,7631.341797,10.69999981,81.90000153,99.38903046,99.36312103,35702908,3.638694048,19504718,61.01499939,65.52773285,10.65200043,2074.830811,187374,-6.464960098,37.15664291,Low,6
54,Canada,2016,1.989900947,38.1615448,3.97090745,22.02536011,1.86222589,15.09005642,7631.341797,10.60000038,81.90000153,99.41262054,99.32453156,36109488,3.562558889,19601132,61.01499939,65.52773285,10.65200043,2246.227051,200765,-6.220376015,38.98160172,Low,19
55,Canada,2017,1.924280047,38.1615448,4.018615723,22.02536011,1.86222589,15.09005642,7631.341797,10.30000019,81.94878387,99.43624115,99.28601074,36543320,3.952376604,19733476,61.01499939,65.52773285,10.65200043,2840.985107,200765,-5.953935623,36.49417496,Low,6
56,Canada,2018,1.828014016,38.1615448,4.07518816,22.02536011,1.86222589,15.09005642,7631.341797,10.10000038,81.94878387,99.43624115,99.28601074,37057764,2.253728867,19926490,61.01499939,65.52773285,10.65200043,3434.072998,200765,-4.965330601,38.86465073,Low,3
57,Guatemala,2000,-0.75401932,39.26838303,108.153801,62.742939,22.82114792,0.855545521,607.4955444,35.3409996,67.84899902,85.75376892,63.2999115,11589761,3.468847275,3860937,61.46099854,49.14558792,61.73800278,4.090865135,3963,24.02528381,238.9274597,Low,24
58,Guatemala,2001,-0.699641943,38.76446533,110.7835464,61.39476395,13.94664001,0.875392437,605.5050049,34.7159996,68.30400085,86.28421021,63.49275589,11871565,0.84395963,3973923,61.6629982,69.54454803,61.6289978,4.090865135,5100,23.22371674,230.5649872,Low,29
59,Guatemala,2002,-0.645413101,38.26054382,113.358696,60.53506088,13.9437151,0.896259069,596.5397949,34.00600052,68.71700287,86.81067657,63.67484665,12147518,-4.088376999,4087333,60.66799927,66.03186035,61.48899841,4.090865135,7978,23.56882477,211.9188385,Low,7
60,Guatemala,2003,-0.766650319,37.75662613,115.8579102,59.01061249,13.25952148,0.855364203,606.7471313,33.2120018,69.09200287,87.32949066,63.83824539,12415334,-5.007241249,4214943,60.62900162,65.95964813,44.29000092,4.090865135,6346,23.96025085,219.9373627,Low,25
61,Guatemala,2004,-0.609274209,37.25270462,118.3474045,57.55292892,12.86188698,0.896935582,611.7362061,32.34999847,69.43699646,87.84231567,63.9862175,12682108,-4.894897938,4344954,60.9620018,69.07811737,44.50299835,4.090865135,4908,24.08745766,210.2728271,Low,8
62,Guatemala,2005,-0.666517079,36.74878693,120.8313904,57.32634735,12.39202118,0.952129722,602.3859253,31.45400047,69.76200104,88.35131073,64.12346649,12948292,0.088917233,4476913,63.27899933,66.04865265,44.39200211,4.090865135,9008,24.18301582,182.2050018,Low,4
63,Guatemala,2006,-0.805733502,36.34565353,123.3046875,57.90344238,11.264678,0.938859522,599.532959,30.56200027,70.08200073,88.85661316,64.25043488,13213330,1.341107011,4619227,65.46600342,66.8181839,44.75,4.090865135,16293,24.19294167,202.6071777,Low,11
64,Guatemala,2007,-0.742176175,35.94251633,125.7653732,57.03256226,11.45160103,0.919945955,631.567627,29.7159996,70.40899658,89.35838318,64.36756134,13477017,1.984464049,4906124,64.06800079,67.89849854,43.94900131,4.090865135,16400,24.17628288,242.4156189,Low,3
65,Guatemala,2008,-0.647653222,35.53937912,128.2129364,60.78477859,11.1504755,0.811905622,593.7207031,28.94599915,70.75,89.8565979,64.47496796,13739299,2.101467848,5198807,62.9070015,64.12524414,43.55400085,4.090865135,18727,24.04224968,247.1787567,Low,4
66,Guatemala,2009,-0.526855886,35.13624573,130.6475372,58.30268097,11.65779686,0.828992665,668.7963257,28.2689991,71.10800171,90.350914,64.57185364,14000190,2.518680096,5289678,61.74300003,57.10597992,43.09199905,4.090865135,16623,23.94132423,209.7604828,Low,12
67,Guatemala,2010,-0.532209218,34.73310852,133.0691223,66.5852356,11.05435944,0.79950583,714.9102173,27.68799973,71.48100281,90.84181976,64.65956879,14259687,1.919184327,5383364,60.36600113,62.11489868,43.24300003,4.090865135,22792.23047,23.94316673,229.9645233,Low,23
68,Guatemala,2011,-0.527978003,34.39343262,135.5124512,66.4172287,11.0747776,0.795696378,750.6090698,27.1970005,71.86100006,91.32897186,64.73732758,14521515,1.84569037,5475328,59.1609993,63.98391342,40.66900253,4.186798573,21468,24.26577568,194.3765564,Low,11
69,Guatemala,2012,-0.658761322,34.05374908,137.9427185,66.21936798,10.55367851,0.804004431,749.0445557,26.76600075,72.23600006,91.81259918,64.80586243,14781942,2.045541763,5563096,64.50800323,60.98251343,44.31399918,3.712225437,17743,23.82813263,257.9785461,Low,8
70,Guatemala,2013,-0.622655571,33.71407318,140.388031,64.97796631,10.3562212,0.858738184,800.6522217,26.36899948,72.59600067,92.29374695,64.86852264,15043981,2.391486645,5656806,59.26399994,58.54851151,40.65500259,0,17047,24.06274223,246.2532349,Low,11
71,Guatemala,2014,-0.735963881,33.37439346,142.8360901,59.90100098,10.07448387,0.911580205,863.5689087,25.99200058,72.93499756,92.77225494,64.92536926,15306316,2.507793665,6282035,60.05899811,56.71791458,37.63199997,0.091229998,20761.5,24.16132545,195.5110626,Low,6
72,Guatemala,2015,-0.73319912,33.03471375,145.2726746,63.65099335,9.967002869,1.01713109,863.5689087,25.62700081,73.25,93.24811554,64.97704315,15567419,2.512748957,5977798,59.81000137,51.30626297,36.84799957,0.455520004,22049,24.05672455,287.0821228,Low,2
73,Guatemala,2016,-0.739821315,32.69503784,147.7014771,63.65099335,9.661395073,1.059947729,863.5689087,25.2670002,73.54100037,93.72089386,65.02274323,15827690,1.985216022,6218528,59.81000137,51.30626297,36.84799957,0.63203001,26268,24.09679985,218.5835114,Low,11
74,Guatemala,2017,-0.739876688,32.69503784,150.1252136,63.65099335,9.681221008,1.059947729,863.5689087,24.91200066,73.80999756,94.19058228,65.06313324,16087418,1.843449473,6370690,59.81000137,51.30626297,36.84799957,0.54637301,26268,24.54255867,196.7350464,Low,46
75,Guatemala,2018,-0.820550501,32.69503784,152.5471191,63.65099335,9.444741249,1.059947729,863.5689087,24.56100082,74.06300354,94.19058228,65.06313324,16346950,1.710511923,6613095,59.81000137,51.30626297,36.84799957,0.107366003,26268,24.60235786,207.3608398,Low,10
76,Hungary,2000,0.78768301,21.3903141,113.9362946,5.166111946,4.934459686,5.4672966,2448.140381,9.600000381,71.24633789,99.96382904,98.04373169,10210971,8.74258709,3305791,45.77700043,136.9903717,10.18000031,50.85200119,12886,10.50133514,58.11506271,Low,3.8
77,Hungary,2001,0.685644507,21.53760338,113.6752548,5.121124268,4.914388657,5.592875481,2512.674805,9.5,72.2487793,99.96392822,98.04295349,10187576,14.82663345,3350430,45.98400116,130.6978912,9.167000771,32.29399872,13056,10.65471458,61.58055878,Low,4.6
78,Hungary,2002,0.583884776,21.68489265,113.3520203,5.166033268,4.260795116,5.518941402,2520.152588,9.5,72.34877777,99.96508026,98.03960419,10158608,41.0651207,3392866,46.03300095,117.9513855,8.552000046,25.15099907,11574,11.69206429,37.92741776,Low,26.2
79,Hungary,2003,0.680982292,21.83218002,113.0278091,5.009128571,3.901099443,5.829810619,2580.20752,9.300000191,72.30000305,99.96549225,98.03627777,10129552,18.47173691,3440151,46.74300003,116.4283829,8.211000443,28.37000084,11870,10.57731628,50.99019241,Low,23.3
80,Hungary,2004,0.693373203,21.9794693,112.7777939,4.62867403,4.359140873,5.684910774,2579.291748,9.399999619,72.64878082,99.96590424,98.03296661,10107146,4.056438923,3496693,46.48300171,122.9828491,8.603999138,23.99600029,12744,11.40926743,50.63675308,Low,7.2
81,Hungary,2005,0.654348493,22.12922668,112.5662842,4.664769173,3.728969097,5.751848698,2731.039795,9.699999809,72.64878082,99.96637726,98.02914429,10087065,11.50504208,3489685,46.54100037,127.3536758,7.840000153,21.42900085,13661,10.55658054,39.51338196,Low,11
82,Hungary,2006,0.658724189,22.26983643,112.3911362,5.36412859,3.539843798,5.697823048,2713.25708,9.899999619,73.0975647,99.96690369,98.02482605,10071370,13.12493706,3532460,46.77199936,149.0528259,7.278999805,20,14686,10.36138344,57.65517426,Low,14.4
83,Hungary,2007,0.622805893,22.41044426,112.2171631,6.140332699,3.492055178,5.566989422,2658.036377,9.699999809,73.15122223,99.96743774,98.02054596,10055780,22.56050491,3553267,46.62599945,155.2000885,7.240000248,27.1609993,15864,9.963252068,59.91678238,Low,16
84,Hungary,2008,0.471792012,22.55105591,112.0208435,6.755189419,3.457101822,5.458021641,2636.646729,9.899999619,73.70243835,99.96795654,98.01628876,10038188,23.20071411,3596080,46.09600067,158.207962,7.095000267,11.75500011,15687,10.6272049,50.43423462,Low,31.4
85,Hungary,2009,0.433832288,22.46106339,110.7108154,8.399154663,3.063666582,4.840111256,2478.101807,9.600000381,73.90487671,99.96847534,98.01207733,10022650,29.35811615,3651714,44.9679985,144.7813873,7.298000336,9.803999901,14825,11.79110622,54.03330612,Low,22.8
86,Hungary,2010,0.365650088,22.60024261,110.4608765,13.45602894,3.058226585,5.022311687,2568.948975,9,74.20731354,99.96892548,98.00839996,10000023,30.57063293,3664393,44.86000061,158.3526917,6.909999847,5.60895586,14245,11.63786793,52.12674713,Low,10.6
87,Hungary,2011,0.399596095,22.65105629,110.1483154,14.74299145,4.01881361,4.872550964,2500.321289,8.800000191,74.85853577,99.96938324,98.00476074,9971727,25.35697937,3682695,45.15499878,167.3880463,6.882999897,5.852950096,15584,11.45445251,54.06209946,Low,16.3
88,Hungary,2012,0.356334388,22.70186615,109.5809326,16.46520424,3.911147118,4.556968212,2365.553711,9.100000381,75.06341553,99.96969604,98.00215149,9920362,36.17476273,3656647,45.90100098,166.1258545,6.493000031,0.467678756,15133,10.47653961,74.85009003,Low,30.4
89,Hungary,2013,0.321602613,22.75267982,109.2795944,17.19638824,3.925048351,4.276339531,2271.947266,9,75.56585693,99.96997833,97.99991608,9893082,38.68402863,3722477,46.75600052,164.3435364,6.075999737,0,14918,11.00443745,36.71211243,Low,21.7
90,Hungary,2014,0.164560199,22.80348969,108.9856186,15.67455006,3.949344873,4.190127373,2314.496338,9.5,75.76341248,99.97025299,97.99767303,9866468,28.51437187,3815201,49.49200058,168.9238281,5.872999668,0,15326,11.41402721,44.23852921,Low,43.3
91,Hungary,2015,0.148635402,22.85430336,108.7266998,15.55936241,3.809174061,4.512673378,2432.751709,9.399999619,75.56829071,99.97052765,97.99545288,9843028,27.87751961,3880572,51.08100128,171.5658722,5.779000282,0,17337,11.30361843,52.42360687,Low,25
92,Hungary,2016,0.097243503,22.90511513,108.406311,15.55936241,3.923211813,4.63997364,2432.751709,9.699999809,76.06341553,99.97080994,97.99317932,9814023,44.55079269,3905376,51.08100128,171.5658722,5.779000282,0,16247.96973,12.16136074,63.0632019,Low,45.5
93,Hungary,2017,0.089291498,22.90511513,108.1184769,15.55936241,3.798119307,4.63997364,2432.751709,9.699999809,75.81707001,100,97.99087524,9787966,58.51874924,3939418,51.08100128,171.5658722,5.779000282,0,16247.96973,11.88976192,48.71182632,Low,21.9
94,Hungary,2018,0.053369701,22.90511513,107.9814835,15.55936241,3.553661108,4.63997364,2432.751709,9.600000381,76.06585693,100,97.99087524,9775564,41.52913666,3949386,51.08100128,171.5658722,5.779000282,0,16247.96973,11.34245872,63.07420731,Low,25.5
95,Hong Kong,2000,-0.218288705,18.85346794,134.4924774,29.7307148,14.67624187,2.696862459,898.9873047,8.100000381,80.87805176,98.70575714,96.80050659,6665000,6.854559898,4066044,58.22499847,247.6540222,5.677000046,5111.51123,4988,11.31266689,67.6867218,Low,21.392365
96,Hong Kong,2001,-0.368472725,19.19525719,135.473053,28.45581627,13.98346138,2.742120743,928.8114624,7.199999809,81.4243927,98.79714966,96.80050659,6714300,6.726955414,4139284,58.09600067,240.8489838,6.863000393,5066.021973,5627,11.72035027,82.33907318,Low,3.753197
97,Hong Kong,2002,-0.518246412,19.5370369,136.3837738,27.09820175,13.30148792,3.007083178,984.81073,7.099999905,81.42682648,98.88853455,96.80050659,6744100,5.807813168,4160580,57.08100128,255.99646,7.848999977,5714.644043,4302,11.88856792,79.69065094,Low,13.40494
98,Hong Kong,2003,-0.359454006,19.8788166,137.2359161,23.94657898,12.34899902,3.524074078,1118.431763,6.900000095,81.37805176,98.97991943,96.80050659,6730800,7.541286469,4147331,56.39899826,292.4546509,7.701000214,5780.75,4857,11.41718578,74.82562256,Low,11.818065
99,Hong Kong,2004,-0.559694171,20.2205925,138.0534363,20.24947929,12.91664791,4.03799057,1268.132935,7.199999809,81.82926941,99.07131195,96.77449036,6783500,5.380383492,4150157,57.01499939,326.8410645,7.740999699,6931.628906,4615,11.86703491,78.31677246,Low,10.263261
100,Hong Kong,2005,-0.608733773,20.56237221,138.8677673,18.20381927,11.6414957,4.523178101,1393.691284,8.399999619,81.62926483,99.16269684,96.74846649,6813200,4.872571468,4221391,57.49399948,342.689209,7.724999905,7763.873047,4130,11.89876747,59.79407501,Low,67.17098
101,Hong Kong,2006,-0.514581382,20.72356224,139.64534,17.09461021,10.62576008,4.980314255,1515.173706,9.600000381,82.37561035,99.25408173,96.72245026,6857100,4.360764503,4202060,57.89899826,359.2086487,7.802999973,8325.96875,4125,11.38371277,65.65229797,Low,22.92194
102,Hong Kong,2007,-0.589647472,20.88475227,140.3765869,15.34937096,10.24616432,5.082123756,1630.171021,10.19999981,82.326828,99.34546661,96.69642639,6916300,7.524515152,4273343,58.39799881,362.1494751,7.198999882,10028.95703,4514,11.35078716,56.16666794,Low,6.711976
103,Hong Kong,2008,-0.520295084,21.04594231,141.097702,14.60199642,10.16903687,5.701914787,1672.904175,11.30000019,82.37561035,99.43685913,96.67041016,6957800,16.20077896,4304574,58.20899963,376.6567993,7.437000275,8985.894531,4754,11.91550922,68.37119293,Low,14.36508
104,Hong Kong,2009,-0.514938176,21.20713043,141.801239,13.91196251,9.636181831,5.677170277,1778.433472,11.80000019,82.77561188,99.52824402,96.64438629,6972800,50.50475311,4287279,57.06399918,348.3975525,7.427000046,13293.17578,4819,11.64328384,69.71705627,Low,15.91606
105,Hong Kong,2010,-0.561642885,21.36831856,142.4877472,12.88431072,9.325163841,6.560520172,1954.722534,12.60000038,82.97805023,99.61962891,96.61837006,7024200,47.4770546,4258902,56.56600189,404.7705688,6.441999912,10373.43457,4338,11.33715916,77.79785919,Low,8.851245
106,Hong Kong,2011,-0.507113516,21.53258896,143.1721039,11.69579697,9.177661896,7.241515636,2086.486816,13.5,83.42195129,99.71102142,96.59234619,7071600,-2.272043705,4258580,57.54499817,421.8547058,6.677999973,10053.89844,3438,11.6955452,66.50951385,Low,6.038338
107,Hong Kong,2012,-0.435700804,21.69685936,143.8713837,11.96856689,9.113706589,7.424750805,2155.164795,12.80000019,83.48048401,99.80240631,96.56632996,7150100,-15.98921967,4299649,58.2159996,430.5685425,6.960000038,9468.417969,4093,10.62523842,69.48429108,Low,10.54504
108,Hong Kong,2013,-0.358352214,21.86112976,144.5834503,11.83816719,8.94289875,7.557210922,2213.759277,8,83.83171082,99.8937912,96.54030609,7178900,7.462726116,4315998,58.77000046,442.6200256,6.912000179,9396.480469,3764,12.32324123,59.7840004,Low,9.891644
109,Hong Kong,2014,-0.340069085,22.02539825,145.3173523,12.22382259,8.64348793,7.543907642,2236.72998,8.600000381,83.98048401,99.98518372,96.51428223,7229500,8.305308342,4368797,58.74599838,425.9758606,6.209000111,10826.12305,3897,11.54151726,72.03486633,Low,15.65589
110,Hong Kong,2015,-0.282107294,22.18966866,146.0576477,12.41335297,8.387008667,7.398524761,2236.72998,8.199999809,84.27804565,100,96.48826599,7291300,-2.789708138,4401133,58.82099915,389.4059448,6.024000168,11294.27246,3894,11.08497524,78.3631134,Low,8.864809
111,Hong Kong,2016,-0.254059404,22.35394096,146.8506775,12.41335297,8.057287216,7.17580986,2236.72998,8.300000191,84.22682953,100,96.46224213,7336600,9.196772575,4525623,58.82099915,389.4059448,6.024000168,11409.11914,4258,12.50074387,76.77444458,Low,9.530712
112,Hong Kong,2017,-0.269940704,22.35394096,147.674057,12.41335297,7.463560104,7.17580986,2236.72998,7.699999809,84.68048859,100,96.43622589,7391700,-4.003136158,4616126,58.82099915,389.4059448,6.024000168,12415.19922,4258,12.16435146,58.44833374,Low,15.55219
113,Hong Kong,2018,-0.27126509,22.35394096,148.3488312,12.41335297,7.043025017,7.17580986,2236.72998,7.199999809,84.93414307,100,96.43622589,7451000,55.4899292,4686095,58.82099915,389.4059448,6.024000168,12676.72168,4258,11.76504898,67.9807663,Low,9.21686
114,India,2000,-0.345551193,21.99321175,355.3676453,51.57934952,21.60895729,0.97660166,417.2875977,26.40099907,62.50500107,79.02380371,16.36921692,1056575552,0.63373971,390041632,56.45600128,27.19234467,83.84200287,547.6519775,1942531,24.68058395,93.98181152,High,55
115,India,2001,-0.430831432,22.14920616,361.5645447,51.78722,21.62050438,0.968514323,416.0144348,25.94400024,62.9070015,79.53629303,18.7809391,1075000064,0.479034901,397713184,56.74100113,26.27484512,87.43299866,515.3699951,2120634,24.58385086,83.43379211,High,6
116,India,2002,-0.515878677,22.30520058,367.7253113,50.56944275,19.5366993,0.96427536,421.2704773,25.48900032,63.30400085,80.36022186,21.26774597,1093317248,0.775558174,405521024,56.97600174,29.82833099,87.44800568,546.3400269,2189445,24.47526741,81.14235687,High,28
117,India,2003,-0.416571707,22.46119499,373.8486633,50.84280014,19.58060646,0.989270985,424.294342,25.0340004,63.69900131,81.18412781,23.76363945,1111523200,1.070660353,417003392,57.35800171,30.9237442,87.05799866,579.8499756,2316947,24.63197517,79.53757477,High,74
118,India,2004,-0.411150694,22.61718941,379.9365234,49.72402573,17.81469154,1.021862864,439.7030029,24.57099915,64.09500122,82.00807953,26.26874161,1129623424,1.025248051,428862880,57.64099884,37.91026688,86.30000305,708.4749756,2804362,24.86389923,71.86685181,High,36
119,India,2005,-0.360784888,22.77318382,385.986084,48.57530975,17.62020683,1.065312386,449.7658691,24.08699989,64.5,82.83166504,28.78196716,1147609984,0.614080787,441049632,57.95299911,42.48530579,85.59100342,774.039978,2973126,24.61579132,84.31582642,High,22
120,India,2006,-0.276443988,22.91316795,391.9985962,47.44372177,16.80944252,1.118603945,466.1382751,23.56399918,64.91799927,83.654953,31.30344009,1165486336,0.77595222,453489632,56.97900009,46.59202957,84.64100647,842.5499878,3182817,24.70252419,80.83397675,High,10
121,India,2007,-0.398113102,23.05315208,397.9595947,45.86780167,16.75012016,1.189651847,485.0996399,22.99600029,65.34999847,84.47795868,33.83322906,1183209472,0.898676932,466155136,56.04199982,46.15866852,83.65100098,967.684021,3114762,24.45720863,84.42287445,High,26
122,India,2008,-0.337176412,23.19313622,403.8321533,43.63288116,16.79094315,1.30625391,501.5596313,22.38999939,65.79399872,85.30058289,36.3710022,1200669824,2.176329374,467165824,54.99700165,53.76337433,83.52999878,1233.937012,3855763,24.79159927,93.860466,High,31
123,India,2009,-0.451971203,23.33311844,409.5689087,40.77082825,16.74427032,1.427780509,544.6265869,21.75499916,66.2440033,86.1224823,38.91578293,1217726208,2.100365877,468125056,54.21500015,46.77702713,83.08300018,1235.157959,3798842,24.72502518,90.93361664,High,35
124,India,2010,-0.468117386,23.47310448,415.1369934,39.48151016,17.02650833,1.393273234,561.6533813,21.11400032,66.69300079,86.94367218,41.46763229,1234281216,3.656950712,469002624,53.36100006,49.68889236,82.16699982,1630.964111,3790021,24.51489258,90.17764282,High,11
125,India,2011,-0.536282182,23.53310776,420.5209656,38.93173981,17.19197083,1.468910217,577.9940796,20.49500084,67.12999725,87.76416016,44.02654266,1250288768,2.687536001,469829376,52.70999908,55.62387848,79.45999908,1702.702759,3677584,25.23942566,78.05368042,High,43
126,India,2012,-0.513237476,23.59310913,425.7322388,38.39089203,16.84537697,1.59094286,599.1544189,19.92300034,67.54499817,88.58460999,46.59461594,1265782784,1.65378499,470610752,52.00999832,55.79372025,79.22799683,1579.229858,4213980,25.17335892,98.27754211,High,82
127,India,2013,-0.517440021,23.65311432,430.7986145,37.84984207,17.14842415,1.585648417,605.7921143,19.41600037,67.93099976,89.40461731,49.17079926,1280846080,2.002065659,473683616,52.09700012,53.84413147,78.8239975,1733.761719,4555209,24.5797081,95.91693115,High,31
128,India,2014,-0.428023696,23.7131176,435.7623291,36.6518364,16.79193497,1.723311782,636.5701294,18.98399925,68.28600311,90.22395325,51.75458527,1295604224,1.312934279,476800640,52.11999893,48.92218399,78.49299622,1851.326782,4893002,24.52586746,85.26950836,High,56
129,India,2015,-0.352018297,23.77311897,440.6554565,36.02122116,16.17450905,1.784333706,636.5701294,18.625,68.60700226,91.0422821,54.34514999,1310152448,1.516276002,485906720,52.06600189,41.94667816,78.04000092,1833.847656,5263002,24.38231659,100.8487091,High,27
130,India,2016,-0.282257587,23.83312225,445.4843445,36.02122116,16.36380005,1.817783356,636.5701294,18.33200073,68.89700317,91.85927582,56.94165421,1324509568,1.695658803,494963712,52.06600189,41.94667816,78.04000092,1893.88147,5703002,24.49206734,80.60858917,High,66
131,India,2017,-0.239811599,23.83312225,450.2432861,36.02122116,16.35781097,1.817783356,636.5701294,18.08300018,69.16500092,92.67464447,59.5434494,1338658816,2.093307018,503834624,52.06600189,41.94667816,78.04000092,2407.098145,5703002,24.61968422,87.51899719,High,35
132,India,2018,-0.186302602,23.83312225,454.9380798,36.02122116,15.40672588,1.817783356,636.5701294,17.85700035,69.41600037,92.67464447,59.5434494,1352617344,1.954884768,512765184,52.06600189,41.94667816,78.04000092,2703.964111,5703002,25.03953362,88.03154755,High,9
133,Indonesia,2000,-0.919073701,54.87450027,116.7571869,45.58150101,15.67870426,1.245398283,735.9133911,21.77300072,65.77200317,75.65299988,41.08750534,211513824,-0.252290457,93615736,63.42599869,71.43687439,61.64099884,408.5419922,993727,26.69872475,255.3070831,High,44
134,Indonesia,2001,-1.031710744,54.70315933,118.3655167,44.30833435,15.99491787,1.375325441,742.9707031,21.81200027,66.03700256,76.6056366,42.95878983,214427424,-1.332573533,96880464,63.61000061,69.79320526,60.9659996,408.3720093,1076749,26.07694244,258.6602478,High,36
135,Indonesia,2002,-1.144039989,54.53181839,119.9831009,44.63581085,16.31966972,1.411208749,760.1677246,21.86000061,66.32099915,77.54883575,44.83694077,217357792,-2.757439852,99018448,63.33200073,59.07946014,60.92000198,405.4979858,1137151,26.15225029,260.1292419,High,88
136,Indonesia,2003,-0.969726622,54.36046982,121.6124496,42.97783661,15.18534851,1.437941551,752.112915,21.87999916,66.6309967,78.4822998,46.72087479,220309472,-1.855686188,100806704,63.44300079,53.61649323,62.69300079,424.3619995,1228559,26.25605011,248.7259216,High,35
137,Indonesia,2004,-0.932151079,54.18912888,123.2553406,41.42415237,14.33578014,1.51212275,791.0908203,21.85199928,66.96900177,79.40639496,48.61053467,223285680,0.074151635,102495608,63.05599976,59.76129532,61.08699799,434.1010132,1468612,26.41910744,220.5956726,High,100
138,Indonesia,2005,-0.878198683,54.01778412,124.9134598,41.44568634,13.12661839,1.511302114,794.4099731,21.76499939,67.33399963,80.31999207,50.50354004,226289472,-0.254256308,104087208,62.32699966,63.98793411,58.93700027,439.7730103,2124093,26.25609207,252.6224976,High,100
139,Indonesia,2006,-0.838419676,53.63965988,126.5853729,39.93704987,12.97380257,1.504981399,802.3545532,21.62400055,67.71700287,81.14354706,52.40018082,229318256,0.738243997,105609288,62.43700027,56.65712738,58.42300034,469.2219849,2479247,26.23704147,224.6183929,High,5
140,Indonesia,2007,-0.619016171,53.26153564,128.2722931,39.96935654,13.71668339,1.616120577,788.0726318,21.44799995,68.10500336,81.95578766,54.29914093,232374240,2.916114807,107099832,62.0890007,54.82925034,58.66500092,484.519989,3137376,26.29611588,238.4356689,High,87
141,Indonesia,2008,-0.593699992,52.88341141,129.9810486,40.15875244,14.48174,1.769060254,793.1000366,21.25099945,68.48500061,82.75712585,56.20032501,235469760,1.347942591,109060872,62.63299942,58.56140137,59.36799622,394.5830078,3854944,26.11608315,220.2886658,High,77
142,Indonesia,2009,-0.838645577,52.50528717,131.7203064,38.97047806,15.29014778,1.870838642,845.9971924,21.0340004,68.85299683,83.54684448,58.10191345,238620560,1.603010535,110974768,63.5719986,45.51212311,58.33799744,276.9179993,4712847,26.13743401,253.5612488,High,124
143,Indonesia,2010,-0.751360178,52.12715912,133.4942627,37.75342178,13.92921257,1.772951365,877.0756226,20.79500008,69.20500183,84.32185364,59.99872971,241834208,1.826328993,112784216,64.09999847,46.70127487,57.26000214,665.6636353,6277924,26.00529099,262.441925,High,109
144,Indonesia,2011,-0.701874614,51.74936676,135.305954,38.2254715,13.51228714,2.08052206,833.5620117,20.52599907,69.54199982,85.06896973,61.87155151,245116208,0.903919399,114924976,64.2480011,50.18001175,54.11199951,754.2979126,7937072,26.31814957,243.3886719,High,84
145,Indonesia,2012,-0.639787376,51.3715744,137.1475677,38.23365784,13.37397385,2.131724596,853.208374,20.22500038,69.86599731,85.80625153,63.74637985,248452416,2.025179148,116988944,64.53199768,49.58289719,51.25800323,880.340271,9599765,26.42607498,298.3898315,High,34
146,Indonesia,2013,-0.613819301,50.99377823,138.9989929,38.10645294,13.35669899,1.648142099,863.817627,19.89299965,70.17900085,86.53343201,65.62224579,251806400,2.302984238,118672944,64.42700195,48.63737106,50.08099747,768.2350464,13300000,26.1664257,255.9446716,High,116
147,Indonesia,2014,-0.561766207,50.61598587,140.8330841,37.45426941,13.3367548,1.450032353,883.9182739,19.53700066,70.48100281,87.25106049,67.4992981,255129008,2.309780359,120202272,64.39199829,48.08017731,49.64900208,902.1165161,14400000,26.33335876,253.4132538,High,42
148,Indonesia,2015,-0.458367288,50.2381897,142.6294556,36.87934875,13.49264336,1.984452367,883.9182739,19.16500092,70.76799774,87.9587326,69.37641144,258383264,2.551356316,121651088,62.84999847,41.93764114,47.32899857,758.7051392,15600000,26.42721748,255.357666,High,38
149,Indonesia,2016,-0.399326712,49.86039734,144.3798676,36.87934875,13.47874832,2.153758049,883.9182739,18.79000092,71.03500366,88.65653229,71.25313568,261554224,2.819972515,123063760,62.84999847,41.93764114,47.32899857,974.5562744,16600000,26.37901688,219.861084,High,10
150,Indonesia,2017,-0.252712786,49.86039734,146.0864868,36.87934875,13.15663052,2.153758049,883.9182739,18.42200089,71.28199768,89.3440094,73.12838745,264645888,2.297616482,122582280,62.84999847,41.93764114,47.32899857,1052.360474,16600000,26.49481583,204.5532837,High,7
151,Indonesia,2018,-0.251563013,49.86039734,147.7521973,36.87934875,12.81010723,2.153758049,883.9182739,18.0720005,71.50900269,89.3440094,73.12838745,267663440,0.487174273,125383552,62.84999847,41.93764114,47.32899857,1131.913452,16600000,26.77583313,261.5266724,High,22
152,Iraq,2000,-1.500579,1.870270014,53.72473145,0.363571942,4.634745598,3.083093405,1104.932739,35.82099915,69.08200073,80.90583038,70.99596405,23497584,0.819047749,5298707,37.97100067,125.3365936,38.77000046,11.71864414,1745,22.91602325,12.94895077,High,23
153,Iraq,2001,-1.454338312,1.873471022,55.34943008,0.352055222,6.930956841,3.525341034,1199.022339,35.47000122,68.98300171,81.47541809,71.46863556,24208180,0.819047749,5459752,37.82300186,126.7802582,38.41999817,11.71864414,2000,22.92883301,11.37451839,High,48
154,Iraq,2002,-1.408223987,1.87667191,57.00418091,0.323986053,8.562671661,3.499928474,1107.081909,35.10400009,68.82700348,82.42469788,71.94009399,24931920,0.819047749,5623195,37.68600082,119.7620468,38.52899933,11.71864414,2000,22.35520554,13.2744875,High,11
155,Iraq,2003,-1.213626981,1.879872918,58.63341904,0.358040214,8.405608177,3.553105831,988.9973755,34.74200058,68.63600159,83.37233734,72.41033173,25644500,0.819047749,5773410,37.95500183,154.2345276,45.42700195,11.71864414,2000,22.86380768,14.07382011,High,53
156,Iraq,2004,-1.484773993,1.883073807,60.16379166,0.360068917,6.93856144,4.335515022,991.9177246,34.39599991,68.43699646,84.31833649,72.87934113,26313838,0.819047749,5928840,37.8030014,120.2339783,41.86700058,11.71864414,13947,22.2373867,16.63038635,High,23
157,Iraq,2005,-1.374017,1.886274815,61.55493927,2.303329229,6.886862755,4.216692448,981.7259521,34.09199905,68.26599884,85.26269531,74.44591522,26922284,0.819047749,6086450,38.9659996,115.7425385,38.89699936,11.71864414,17941,22.31630898,16.83135033,High,29
158,Iraq,2006,-1.448431015,1.886274815,62.75721741,2.554006577,5.826033115,3.598448038,908.5752563,33.85400009,68.15699768,86.20511627,76.02274323,27448124,0.819047749,6241978,40.36800003,89.65052032,38.70000076,11.71864414,14867,22.22899246,15.88435364,High,13
159,Iraq,2007,-1.460476995,1.886274815,63.81610107,2.032616854,4.929498196,2.2269032,909.175293,33.68099976,68.12999725,87.14620209,77.61013031,27911248,1.031530619,6673745,41.62599945,74.09284973,38.33099747,11.71864414,15810,22.22970772,13.91772175,High,6
160,Iraq,2008,-1.462249994,1.886274815,64.90099335,1.185129404,3.847780228,3.281546116,968.350708,33.55799866,68.19000244,88.08563995,79.2078476,28385746,0.587961733,7101683,42.96099854,81.05554199,38.36399841,11.71864414,19246,22.35170555,17.86167336,High,13
161,Iraq,2009,-1.326993942,1.899521112,66.7092514,1.237633944,5.229933262,3.608379602,1137.034424,33.4640007,68.33999634,89.02320099,80.81573486,28973162,1.093876004,7524199,42.98300171,78.68737793,37.6609993,11.71864414,18732,22.25159454,12.63210583,High,24
162,Iraq,2010,-1.258810043,1.899521112,68.47940826,1.709637046,5.162283421,3.772295713,1261.220459,33.34899902,68.56700134,89.97400665,82.44368744,29741976,1.409960032,7953549,42.93899918,73.4974823,37.51700211,11.71864414,20320,22.41184235,9.016103745,High,49
163,Iraq,2011,-1.170654058,1.899521112,70.74346161,1.074336529,4.563773632,4.453347683,1335.738403,33.15200043,68.84799957,90.92861938,84.08648682,30725300,1.431387901,8179143,42.86500168,72.17132568,37.22200012,14.5213728,16290,22.32953835,13.17151546,High,38
164,Iraq,2012,-1.217340946,1.899521112,73.42514801,1.263874412,4.124271393,4.84310627,1438.175659,32.83399963,69.14800262,91.87715149,85.73774719,31890012,1.007964969,8402958,42.55599976,73.54898071,36.97200012,15.33562851,25040,23.85635757,11.35259342,High,19
165,Iraq,2013,-1.277740002,1.90036118,76.37620544,1.368783951,4.768217564,4.994796753,1488.561768,32.37799835,69.43699646,92.81964874,87.39736176,33157050,1.120863438,8664860,42.45199966,75.68772125,36.26800156,10.61911201,14060,21.86310005,13.98966885,High,21
166,Iraq,2014,-1.333757997,1.90036118,79.26683044,0.912104666,4.897999763,4.842168808,1437.900513,31.79100037,69.69999695,93.75628662,89.06535339,34411952,1.559625983,8894655,42.6590004,78.28735352,35.68700027,10.61911201,26625,22.62077141,13.68497276,High,26
167,Iraq,2015,-1.368878961,1.90036118,81.93956757,0.798830748,4.806299686,4.702368259,1437.900513,31.10899925,69.92900085,94.68708038,90.74159241,35572260,2.186846733,9217796,42.81900024,75.84282684,35.52999878,1.21820271,24803,22.14698982,15.45421505,High,29
168,Iraq,2016,-1.386965036,1.90036118,84.3314209,0.798830748,3.799999952,5.191404819,1437.900513,30.38800049,70.12200165,95.61297607,92.4269104,36610632,2.037857771,9619604,42.81900024,75.84282684,35.52999878,0.951966405,28835,22.76655006,12.89043045,High,29
169,Iraq,2017,-1.372151017,1.90036118,86.50163269,0.798830748,3.299999952,5.191404819,1437.900513,29.69300079,70.29399872,96.53347778,94.12102509,37552780,1.846078873,9983673,42.81900024,75.84282684,35.52999878,15.58785725,28835,23.00519943,11.21196365,High,20
170,Iraq,2018,-1.399580956,1.90036118,88.53057098,0.798830748,2,5.191404819,1437.900513,29.07500076,70.45400238,96.53347778,94.12102509,38433600,0.085369907,10234985,42.81900024,75.84282684,35.52999878,16.19931793,28835,22.93379211,16.40450287,High,12
171,Kuwait,2000,0.59060061,0.272166103,114.7656021,0,0.355219841,26.18923187,9151.980469,22.81699944,73.14199829,100,100,2045123,0.227676645,873726,66.71800232,86.62057495,2.294999838,243.0910034,376,26.5316925,8.588434219,High,59
172,Kuwait,2001,0.802637458,0.280022442,118.0292892,0,0.446728975,27.40553665,9497.433594,22.29400063,73.20999908,100,100,2103282,0.239924744,935265,66.5059967,86.84235382,2.274000168,226.3320007,195,26.6319828,13.31187534,High,50
173,Kuwait,2002,1.014094949,0.287878782,119.9212646,0,0.516824841,27.24771881,9612.830078,21.77000046,73.27999878,100,100,2136997,0.043222032,987617,66.44200134,81.22519684,2.255999804,254.302002,195,26.06421661,8.173171043,High,117
174,Kuwait,2003,0.79912591,0.295735121,121.3033676,0,0.454889536,27.72100639,10131.44727,21.36499977,73.35500336,100,100,2161626,-0.319615394,1018375,66.7460022,86.55638885,2.238000154,219.4830017,366,26.5514164,10.19024944,High,29
175,Kuwait,2004,0.786468685,0.30359146,123.4843979,0,0.404756606,28.87283516,10619.66211,21.10300064,73.43900299,100,100,2200492,0.009490495,1045140,66.85700226,89.29611206,2.195000172,226.9299927,375,26.27472496,11.20610809,High,26
176,Kuwait,2005,0.507471919,0.311447829,127.3960724,0,0.301358014,31.51568222,11576.82715,20.96199989,73.53800201,100,100,2270198,-0.140178218,1073514,67.18099976,92.24346161,2.148000002,241.6230011,327,26.2796669,10.68257713,High,40
177,Kuwait,2006,0.433032602,0.319304168,133.2026978,0,0.236515716,31.07802582,10811.57715,20.87800026,73.66000366,100,100,2373672,0.039961182,1106829,67.46700287,89.71157074,2.118999958,239.2070007,568,26.07144165,13.20339584,High,33
178,Kuwait,2007,0.370585889,0.327160478,140.517334,0,0.213317126,30.04603386,10489.04004,20.75099945,73.80699921,100,100,2504019,0.289492637,1154659,67.38999939,91.73137665,2.082000017,266.3370056,348,25.91740036,12.88593102,High,45
179,Kuwait,2008,0.420185596,0.335016817,149.046524,0,0.160021007,31.14868546,10810.81055,20.50900078,73.97599792,100,100,2656009,0.119453289,1216232,67.52400208,92.68299103,2.04700017,279.7399902,291.2149963,26.2072258,11.20783806,High,44
180,Kuwait,2009,0.3093611,0.342873186,158.3078003,0,0.26232776,30.94737434,11134.24219,20.12899971,74.16200256,100,100,2821045,0.097291194,1292607,68.25800323,88.8640976,2.026000023,281.2149963,272,26.19727516,8.427207947,High,33
181,Kuwait,2010,0.302228808,0.350729525,167.8947296,0,0.451341033,29.95609093,10721.48535,19.61000061,74.35800171,100,100,2991884,-0.004037938,1383946,68.73999786,97.0280304,1.998000026,335.0994568,310,26.24634171,4.430551052,High,209
182,Kuwait,2011,0.086252801,0.350729525,177.7811432,0,0.438823402,27.3538208,10221.17676,18.97200012,74.55000305,100,100,3168060,1.051547527,1493248,67.69599915,99.11647797,1.985000014,277.5440674,319,26.33595848,7.664022446,High,131
183,Kuwait,2012,-0.190458104,0.350729525,187.926651,0,0.35979417,30.01509476,11105.97754,18.26499939,74.72799683,100,100,3348853,1.130339861,1611890,67.90100098,101.0114517,1.95599997,267.2539978,309,27.41465759,4.23115921,High,70
184,Kuwait,2013,-0.188342303,0.350729525,197.8886719,0,0.35511753,26.88916016,9906.516602,17.53700066,74.88500214,100,100,3526376,2.115899324,1729663,68.09300232,97.60670471,1.930000067,245.9689941,303,25.95680809,6.938776493,High,165
185,Kuwait,2014,-0.240322903,0.350729525,207.1235199,0,0.450686932,23.94268417,9178.885742,16.80699921,75.01899719,100,100,3690941,1.650249124,1856503,68.50499725,100.0369415,1.909999967,267.877594,297,26.33197594,8.647331238,High,40
186,Kuwait,2015,-0.225096703,0.350729525,215.240799,0,0.537517428,24.24244881,9178.885742,16.08600044,75.12999725,100,100,3835591,0.823163211,1985038,68.91400146,98.69985962,1.896000028,216.3350067,262,25.66760063,6.234397411,High,208
187,Kuwait,2016,-0.268207401,0.350729525,222.0468597,0,0.518216252,24.95251274,9178.885742,15.36900043,75.22399902,100,100,3956875,0.298716366,2100763,68.91400146,98.69985962,1.896000028,223.0054474,196.1600037,26.32895088,7.742440224,High,47
188,Kuwait,2017,-0.331508785,0.350729525,227.6149902,0,0.525259137,24.95251274,9178.885742,14.65100002,75.31099701,100,100,4056099,0.248454511,2194085,68.91400146,98.69985962,1.896000028,309.8648987,196.1600037,26.80315018,7.486699104,High,37
189,Kuwait,2018,-0.289451689,0.350729525,232.1723938,0,0.439318269,24.95251274,9178.885742,13.93900013,75.39800262,100,100,4137312,0.263295025,2229107,68.91400146,98.69985962,1.896000028,392.3630676,196.1600037,26.8527832,9.997615814,High,117
190,Luxembourg,2000,2.04843998,35.6790123,179.5473175,6.85402298,0.622883976,18.8855114,7676.836914,13.10000038,77.87316895,100,97.71136475,436300,17.96712112,176475,52.11600113,271.9509583,3.40500021,3523.14209,281717.8125,9.660752296,86.67055511,Low,13
191,Luxembourg,2001,2.055892706,35.6790123,181.697525,3.433020592,0.595635295,19.93273354,7982.850586,12.39999962,77.8243866,100,97.70217133,441525,17.96712112,181748,51.86899948,271.3444519,2.827000141,3768.187012,311212.7188,10.23000908,85.69049072,Low,13
192,Luxembourg,2002,2.063324928,35.6790123,183.6111145,1.312854052,0.720095932,21.10574532,8204.726563,12,77.96585083,100,97.6953125,446175,17.96712112,188742,52.45299911,258.8431396,2.805000067,4157.515137,334341.5938,10.44135761,93.40814209,Low,14
193,Luxembourg,2003,1.692841053,35.6790123,185.8559723,1.27184701,0.503200173,21.93071175,8549.50293,11.69999981,77.72682953,100,97.68865967,451630,17.96712112,189068,51.23899841,254.101059,6.414999962,4347.780762,367408.0625,9.915734291,97.7831192,Low,48
194,Luxembourg,2004,1.844498992,35.6790123,188.5164642,1.362008929,0.55419755,24.59902573,9387.4375,11.89999962,79.12194824,100,97.68143463,458095,17.96712112,194924,51.33399963,281.2084045,5.382999897,4670.208008,432239.3438,10.33067322,91.16778564,Low,30
195,Luxembourg,2005,1.656579018,35.6790123,191.4230499,1.891072512,0.355382293,24.824646,9428.811523,11.5,79.43170929,100,97.67411041,465158,14.51790905,195020,52.3370018,297.7729797,5.22300005,5149.686035,496314.5938,10.20347595,63.68936539,Low,36
196,Luxembourg,2006,1.882663965,35.6790123,194.500824,2.092270374,0.339953512,24.01285744,9170.532227,11.69999981,79.28780365,100,97.66694641,472637,14.93325996,201394,52.66400146,320.5982666,5.220999718,5270.266113,551473.8125,9.696259499,75.32324982,Low,19
197,Luxembourg,2007,1.971465945,35.6790123,197.5279846,3.635015011,0.408863962,22.95728302,8773.896484,11.39999962,79.38292694,100,97.65996552,479993,12.43666267,207425,52.72600174,332.5048523,4.291999817,5512.270996,623586.9375,9.970122337,68.22817993,Low,17
198,Luxembourg,2008,1.971971989,35.6790123,201.0905304,3.966352224,0.312235594,22.38547134,8612.233398,11.5,80.53902435,100,97.65312958,488650,75.96383667,213162,52.22299957,343.5618286,4.09800005,5357.932129,736559.1875,10.31249523,77.87298584,Low,19
199,Luxembourg,2009,1.973333001,35.6790123,204.8489685,3.737162352,0.253276974,20.87712479,7951.724121,11.30000019,80.63658905,100,97.646492,497783,-58.32287979,215802,54.34500122,295.9728088,5.915999889,8369.21875,800790.8125,10.46497726,88.76432037,Low,10
200,Luxembourg,2010,2.046461105,35.6790123,208.6226349,3.659682989,0.247223511,21.63513565,8329.478516,11.60000038,80.63170624,100,97.64000702,506953,12.74333572,220410,54.49700165,316.1614075,4.967000008,4573.108887,922490.5,9.932312012,83.12602234,Low,19
201,Luxembourg,2011,2.159843922,35.6790123,213.3115234,3.733295918,0.252350032,21.01807594,8056.404297,10.89999962,80.98780823,100,97.63368225,518347,53.05599594,234318,54.06600189,323.4496155,5.920000076,4653.873047,1043024,10.05273151,79.63444519,Low,5
202,Luxembourg,2012,2.122711897,35.6790123,218.4962921,4.147856712,0.359339088,19.9529953,7722.19043,11.30000019,81.39268494,99.98719788,97.62758636,530946,73.53262329,237903,55.03300095,341.86203,5.725999832,4402.974121,1209757.625,8.782547951,81.40714264,Low,20
203,Luxembourg,2013,2.123356104,35.6790123,223.6049347,5.723199368,0.276884347,18.49831963,7312.153809,11.30000019,81.80000305,99.96524811,97.62175751,543360,14.73745728,243419,54.87799835,349.2419434,6.191999912,5224.838867,1461166.875,10.61486912,66.6163559,Low,44
204,Luxembourg,2014,2.073182106,35.6790123,228.9378662,6.883232117,0.291163951,17.36871338,6861.106445,10.89999962,82.22927094,99.94460297,97.61614227,556319,252.3081055,255227,55.5719986,382.2914734,6.339999676,5753.111816,1564453.25,9.867218018,83.83477783,Low,25
205,Luxembourg,2015,2.096687078,35.6790123,234.4049377,9.031313896,0.225689381,16.24258423,6548.405762,10.69999981,82.29268646,99.9251709,97.61074066,569604,16.97650909,263259,55.40399933,410.1716309,6.205999851,6309.473145,1673764.875,9.352688789,79.95925903,Low,38
206,Luxembourg,2016,2.096853971,35.6790123,239.5119324,9.031313896,0.214049429,15.44261265,6548.405762,10.39999962,82.68536377,99.90686798,97.60554504,582014,-15.88223171,273796,55.40399933,410.1716309,6.205999851,6877.761719,1776386.125,11.1258173,77.15124512,Low,39
207,Luxembourg,2017,1.985520005,35.6790123,245.4057617,9.031313896,0.244584933,15.44261265,6548.405762,10.39999962,82.09512329,99.88960266,97.60054016,596336,27.68996429,282755,55.40399933,410.1716309,6.205999851,7321.112305,1776386.125,10.55887413,67.73508453,Low,50
208,Luxembourg,2018,2.088052034,35.6790123,250.1851807,9.031313896,0.227202326,15.44261265,6548.405762,10.30000019,82.29512024,99.88960266,97.60054016,607950,45.80719757,281982,55.40399933,410.1716309,6.205999851,7323.039551,1776386.125,10.19571877,79.33097839,Low,10
209,Mongolia,2000,-0.309789002,7.542032719,1.543177009,5.713470936,27.42253113,3.13101387,999.6538086,19.30699921,62.86899948,61.81680679,47.95970917,2397418,1.68083632,898205,57.56900024,121.8866119,57.09499741,8.440999985,281717.8125,1.576045871,23.11773109,Low,10
210,Mongolia,2001,-0.158263803,7.489379406,1.557447433,6.074890137,22.96888733,3.258426666,997.9984131,19.00900078,63.31900024,63.36262512,48.62909698,2419588,2.874953032,918952,57.52099991,115.8183289,60.5,7.388000011,311212.7188,1.113065004,17.72904968,Low,27
211,Mongolia,2002,-0.0071526,7.436726093,1.572691798,6.500197887,18.9191246,3.391936541,1058.265381,18.96899986,63.77700043,64.89889526,49.2833519,2443271,4.723386765,943677,56.61100006,118.5172501,62.04700089,8.184000015,334341.5938,0.141174167,17.19536591,Low,4
212,Mongolia,2003,-0.201762095,7.384072304,1.589099884,6.079987049,18.43951797,3.25442338,1022.937805,19.1760006,64.23000336,66.42435455,49.9222374,2468762,3.391172647,967482,55.72800064,120.2993927,60.1289978,7.583000183,367408.0625,0.501670003,16.29989243,Low,0
213,Mongolia,2004,-0.398020089,7.331419468,1.606884241,5.744707108,20.02977562,3.425522566,1041.696167,19.6060009,64.67099762,67.93781281,50.76939774,2496391,5.570418835,992198,57.25,131.3293152,69.91000366,6.323999882,432239.3438,1.009723306,15.10056686,Low,4
214,Mongolia,2005,-0.610975921,7.278766155,1.626215935,5.321772575,19.79796028,3.389155865,1185.681763,20.23699951,65.10299683,69.43596649,51.60056305,2526424,8.242977142,1016899,57.29999924,122.3814621,66.81999969,6.068999767,496314.5938,0.062369999,21.70733833,Low,6
215,Mongolia,2006,-0.584639788,7.501635075,1.647091866,4.461787224,17.64367104,3.671505451,1331.883911,21.04100037,65.53800201,70.92046356,52.41695786,2558856,4.663498402,1039167,57.22800064,112.929985,63.5890007,6.340000153,551473.8125,1.259895802,14.56252384,Low,23
216,Mongolia,2007,-0.614851773,7.724503994,1.669597626,4.682483673,18.42796516,4.651220798,1376.434326,21.95800018,65.98500061,72.38970184,53.21772385,2593820,7.434995651,1063952,54.75799942,117.8804245,61.99899673,5.363999844,623586.9375,-0.189254999,16.31925011,Low,3
217,Mongolia,2008,-0.661201,7.947372437,1.694107771,4.628963947,19.21512413,4.574174404,1361.676636,22.91600037,66.4469986,73.84320831,54.00271225,2631898,7.189689636,1086986,55.74399948,121.1980133,58.31599808,5.927000046,736559.1875,0.982481658,16.18728828,Low,13
218,Mongolia,2009,-0.758660018,8.170241356,1.721076727,4.364887238,17.86443901,4.900220871,1392.461182,23.84300041,66.91600037,75.27755737,54.76992035,2673796,8.801886559,1107969,55.65999985,107.8137589,58.9659996,2.562000036,800790.8125,2.183323383,15.78510761,Low,5
219,Mongolia,2010,-0.735194206,8.393110275,1.750750542,4.348320484,11.73256302,5.08141613,1449.471558,24.66500092,67.37999725,76.69541168,55.52119446,2719896,15.02161503,1129526,55.15000153,103.350029,56.29999924,3.900820971,922490.5,1.187134147,17.63397789,Low,13
220,Mongolia,2011,-0.692097485,8.33049202,1.783234596,3.899355412,10.30735683,7.76058197,1557.017822,25.31800079,67.81800079,77.8236618,56.08603668,2770362,13.60448456,1151716,57.1780014,126.9992294,54.91600037,7.149497986,1043024,0.604938328,16.38871765,Low,9
221,Mongolia,2012,-0.535075128,8.267874718,1.818210483,2.847908735,11.25802422,12.41720104,1689.615479,25.77599907,68.21700287,78.80201721,56.55464172,2824699,23.52633667,1169399,57.08800125,109.588562,51.57500076,9.493611336,1209757.625,-0.369016677,18.90938377,Low,8
222,Mongolia,2013,-0.47922799,8.205257416,1.854960203,2.924524546,13.4140625,15.1386013,1825.009888,26.02599907,68.56600189,79.78898621,57.02669907,2881792,43.91211319,1207606,57.31900024,100.3119888,49.74700165,8.869308472,1461166.875,-0.130606666,17.08730507,Low,8
223,Mongolia,2014,-0.473792315,8.142640114,1.892497182,3.269842863,13.34122086,10.0788908,1828.103271,26.0529995,68.86299896,80.78406525,57.50190735,2940108,34.75598145,1212141,57.36800003,109.3223114,48.82000351,13.21171093,1564453.25,-0.79094249,20.02380753,Low,6
224,Mongolia,2015,-0.491625786,8.080022812,1.930043936,3.429737329,13.35614491,7.765857697,1828.103271,25.84900093,69.11100006,81.7881012,57.98078156,2998439,16.37007523,1237902,57.40499878,90.28701019,49.47000122,7.843988895,1673764.875,0.896825016,21.96630478,Low,7
225,Mongolia,2016,-0.487203002,8.017404556,1.967326045,3.429737329,11.68937969,8.300171852,1828.103271,25.42499924,69.32099915,82.80057526,58.46301651,3056359,2.762588263,1262326,57.40499878,90.28701019,49.47000122,8.022033691,1776386.125,1.07325089,17.29100609,Low,6
226,Mongolia,2017,-0.451712787,8.017404556,2.004286289,3.429737329,10.2789526,8.300171852,1828.103271,24.83300018,69.50900269,83.31311798,58.47939301,3113779,0.802747369,1279224,57.40499878,90.28701019,49.47000122,8.367360115,1776386.125,1.604061723,15.8146553,Low,8
227,Mongolia,2018,-0.427831799,8.017404556,2.040608644,3.429737329,10.78556156,8.300171852,1828.103271,24.13100052,69.68900299,83.31311798,58.47939301,3170208,-37.16564941,1268790,57.40499878,90.28701019,49.47000122,7.819001198,1776386.125,0.671702504,22.37449265,Low,3
228,Nepal,2000,-0.666683972,27.20613861,167.0115814,88.2845459,38.24389648,0.128201202,338.6524353,31.54700089,62.2879982,79.98706818,15.1242485,23941110,0.247611791,11543782,84.22299957,55.71059036,72.92300415,16.99699974,15023,12.69705296,125.7095261,High,8
229,Nepal,2001,-0.511881173,26.83780861,169.8437805,87.75650787,35.24766922,0.13419652,343.9661865,30.39800072,62.94499969,80.58892822,17.49453163,24347106,0.086418532,11794678,84.00900269,55.79986191,72.70199585,16.1779995,16570,12.98185635,128.2600098,High,45
230,Nepal,2002,-0.357501388,26.46948051,172.484314,89.94329834,36.15029526,0.10618829,342.4562378,29.23600006,63.56999969,81.14635468,19.86867714,24725628,-0.008824258,12011409,83.73500061,46.23071671,82.44499969,5.477000237,17100,12.49600506,122.8853378,High,81
231,Nepal,2003,-0.458296299,26.10115242,174.9624786,89.44287872,35.10587692,0.113310456,347.1560669,28.10499954,64.16500092,81.69851685,22.29927254,25080872,0.347091526,12231635,83.52999878,44.24788284,82.41799927,5.750999928,17680,12.79784679,114.2253113,High,19
232,Nepal,2004,-0.870962083,25.73282242,177.3236389,90.29701233,34.67635727,0.105021439,347.4699097,27.03700066,64.72899628,82.24532318,24.78597832,25419344,-0.098374866,12445975,83.26799774,46.14728546,82.36000061,6.730000019,20000,12.75257683,110.6995468,High,17
233,Nepal,2005,-0.743389487,25.36449242,179.5919037,89.51737976,33.82489777,0.119790517,354.7017822,26.06100082,65.26399994,82.78662872,27.32843971,25744500,0.233443618,12652191,82.9489975,44.06294632,82.14099884,6.93599987,22480,12.65362549,112.2254715,High,6
234,Nepal,2006,-0.693690419,25.36449242,181.8395081,91.25326538,32.3664856,0.098333649,350.2931213,25.19599915,65.77300262,83.32234955,29.92629814,26066692,-0.005737557,12846163,82.62200165,44.76198959,81.95800018,7.211999893,25409,12.89776516,108.2311325,High,11
235,Nepal,2007,-0.788317621,25.36449242,184.0431213,91.31227112,31.16441154,0.099102169,352.8104858,24.43400002,66.26000214,83.85242462,32.57933426,26382580,0.030156296,13027892,82.28399658,44.57927322,81.8239975,7.643000126,26679,12.7026062,84.4726181,High,17
236,Nepal,2008,-0.808657527,25.36449242,186.0242462,90.46893311,30.30571556,0.128299594,361.2641602,23.7670002,66.72699738,84.37664032,35.28700256,26666576,-0.073509432,13237636,81.91200256,46.03620529,81.50700378,7.232999802,27250,13.22795963,97.77136993,High,48
237,Nepal,2009,-0.702576399,25.36449242,187.537735,88.92708588,31.32265282,0.161228567,368.9500427,23.18899918,67.1780014,84.8948822,38.04891586,26883536,0.055606414,13426530,81.63700104,47.0794487,80.80699921,6.282000065,26730,12.96762943,99.5198822,High,14
238,Nepal,2010,-0.692481101,25.36449242,188.4423523,87.29244995,33.17937851,0.18719703,377.9855652,22.69199944,67.61100006,85.40703583,40.86467743,27013212,0.007932157,13604039,81.39700317,45.98490524,80.48300171,6.463516712,28230,12.70553207,111.2764053,High,26
239,Nepal,2011,-0.778935671,25.36449242,188.6392517,86.94551086,34.97915649,0.204630509,390.8243408,22.26199913,68.02799988,85.91303253,43.73400497,27041436,0.297715396,13865431,81.29599762,41.8282547,80.24399567,6.486565113,30950,13.35495281,86.28824615,High,86
240,Nepal,2012,-0.813007176,25.36449242,188.2794647,84.69734192,33.14799881,0.21697773,374.2975769,21.87899971,68.4260025,86.41293335,46.65691376,26989862,0.548294663,14152815,81.24299622,43.65820694,80.05500031,5.762374878,34500,13.39684963,101.1047363,High,29
241,Nepal,2013,-0.686954975,25.36449242,187.7775116,86.25309753,31.53460312,0.246574536,417.2874146,21.52300072,68.80599976,86.90636444,49.63253021,26917906,0.497114688,14545682,81.11799622,48.14599991,79.65599823,5.759868145,36020,12.68440628,141.6316681,High,9
242,Nepal,2014,-0.588242412,25.36449242,187.7009125,84.37478638,30.26714897,0.298463315,434.4492798,21.18000031,69.16799927,87.39326477,52.66065598,26906926,0.488006473,14972888,81.52400208,52.25519562,79.15900421,4.599599838,43400,12.62207317,111.4608002,High,16
243,Nepal,2015,-0.578047872,25.36449242,188.4550476,85.26396179,29.38294601,0.231435418,434.4492798,20.84399986,69.51499939,87.87332916,55.74051666,27015032,0.385264605,15417273,81.51999664,53.09526825,78.95600128,4.536371708,48000,12.42922592,114.4060669,High,17
244,Nepal,2016,-0.799911022,25.36449242,190.1718292,85.26396179,29.14919853,0.333997905,434.4492798,20.51499939,69.84799957,88.34640503,58.87172699,27261132,0.151993781,15851443,81.51999664,53.09526825,78.95600128,4.89508009,49043,12.4865694,44.13238144,High,10
245,Nepal,2017,-0.749578416,25.36449242,192.7249603,85.26396179,27.08113861,0.333997905,434.4492798,20.19599915,70.16899872,88.81224823,62.0535965,27627124,0.242380485,16260015,81.51999664,53.09526825,78.95600128,4.566839695,49043,12.47315979,111.0686493,High,45
246,Nepal,2018,-0.673725724,25.36449242,195.9391022,85.26396179,25.76390457,0.333997905,434.4492798,19.88699913,70.47799683,88.81224823,62.0535965,28087872,0.501592159,16689835,81.51999664,53.09526825,78.95600128,4.655766487,49043,13.25061703,115.3562546,High,57
247,Norway,2000,2.191577911,33.16413116,12.29580021,60.18812943,1.823015332,8.834015846,5826.077637,13.19999981,78.63414764,100,98.07193756,4490967,2.824150562,2377030,64.63700104,74.62175751,5.81400013,201.0420074,491329,1.02959919,94.25193787,Low,3.6145277
248,Norway,2001,2.180902958,33.15263367,12.35818005,59.60641098,1.588691711,9.284992218,5954.041992,12.60000038,78.78536224,100,98.07086945,4513751,4.175310135,2382060,64.41100311,73.26639557,5.698999882,184.9609985,510748,1.653049946,99.69753265,Low,6.452953
249,Norway,2002,2.170257092,33.14113235,12.42500687,59.49311447,1.520730615,8.378534317,5501.117676,12.19999981,78.98780823,100,98.06980133,4538159,4.863573551,2405966,64.41899872,67.64702606,5.934000015,184.8589935,551300,2.388385057,101.5197601,Low,5.796667
250,Norway,2003,2.067727089,33.12963486,12.49809742,56.25687027,1.308039427,9.906435966,5933.21582,12.39999962,79.39024353,100,98.06874847,4564855,1.833423257,2417320,63.05799866,66.58368683,6.010000229,174.548996,584422,1.071390033,91.86242676,Low,2.590333
251,Norway,2004,1.935271025,33.11813736,12.57217121,56.87160492,1.386467934,9.287466049,5769.32666,12.39999962,79.84146118,100,98.06780243,4591910,1.54118228,2439352,62.92900085,69.04899597,5.947999954,176.5850067,636802,1.781659961,80.94407654,Low,1.599
252,Norway,2005,2.010046005,33.10663605,12.65808964,58.59180832,1.40342629,9.179217339,5802.716309,12.30000019,80.04146576,100,98.06697845,4623291,1.827032089,2409440,62.56399918,70.8507843,5.925000191,176.5850067,661877,1.950955033,87.30151367,Low,2.9933333
253,Norway,2006,2.133687973,33.11211395,12.76044846,57.05968857,1.404447079,9.495835304,5833.773926,12.60000038,80.34390259,100,98.06614685,4660677,1.860546827,2422961,63.44800186,72.38867188,6.442000389,176.5850067,712373,2.003727436,90.40818024,Low,9.964652
254,Norway,2007,1.99258101,33.11758804,12.89317036,57.39006424,1.239866138,9.574850082,5862.217285,12.39999962,80.39511871,100,98.06529999,4709153,3.258192539,2431748,64.73200226,73.1576767,5.872000217,176.5850067,841560,2.118913412,95.76473236,Low,3.094167
255,Norway,2008,1.906427026,33.12306595,13.05486774,58.49373245,1.128000975,11.67958355,6752.708984,12.69999981,80.59268188,100,98.06442261,4768212,3.438643694,2465923,65.69599915,74.84007263,5.725999832,176.5850067,848359,2.411405802,93.89044189,Low,12.9195
256,Norway,2009,1.994784951,33.12854004,13.22054863,56.77092361,1.300318956,11.46182919,6484.118652,12.80000019,80.79512024,100,98.06355286,4828726,6.184783459,2522862,64.38999939,66.9798584,5.874000072,176.5850067,961839.8125,2.087669134,97.87341309,Low,14.561989
257,Norway,2010,2.085211039,33.13401413,13.38626289,56.42455673,1.568602324,10.10866833,6934.590332,12.60000038,80.99755859,100,98.06269836,4889252,4.448821068,2598720,63.38700104,68.19009399,5.565000057,176.5850067,1019802,2.207065821,92.13526154,Low,1.9845
258,Norway,2011,2.149326086,33.13949203,13.56103897,56.52932739,1.344656706,8.559143066,5649.697754,12.19999981,81.29512024,100,98.06163025,4953088,2.23364234,2599179,63.11999893,69.59683228,5.193999767,176.5850067,1143893,1.797332525,86.60888672,Low,6.755222
259,Norway,2012,2.25640893,33.14496613,13.7403307,58.2758522,1.127948761,8.866871834,5906.141113,12,81.45121765,100,98.06037903,5018573,5.041413307,2607926,63.25799942,68.11611176,5.174999714,176.5850067,1321119,-0.021654166,78.20587158,Low,2.8960555
260,Norway,2013,2.294475079,33.16142654,13.91208649,57.72594833,1.315306187,9.495203018,6415.990723,11.60000038,81.7512207,100,98.05914307,5079623,2.064088106,2626888,62.77700043,67.49320221,5.153999805,176.5850067,1247865,2.567151785,98.85348511,Low,1.816833
261,Norway,2014,2.226566076,33.16690445,14.06986618,57.1964035,1.442842484,9.328763962,5595.654785,11.5,82.09999847,100,98.05792236,5137232,5.371284485,2671604,62.4659996,68.56614685,5.318999767,176.5850067,1332497,1.175961614,93.82839203,Low,5.0059443
262,Norway,2015,2.24280405,33.17238235,14.21057224,57.77200317,1.537557602,9.099287033,5817.636719,11.30000019,82.30487823,100,98.05672455,5188607,-0.047696792,2699135,62.09999847,69.80965424,5.325999737,176.5850067,1380890,1.94767499,87.7077713,Low,13.743333
263,Norway,2016,2.196583033,33.17786026,14.33631611,57.77200317,2.092314482,7.8369627,5817.636719,11.30000019,82.40731812,100,98.05554199,5234519,0.656829655,2723816,62.09999847,69.80965424,5.325999737,176.5850067,1326216,2.85013175,83.67939758,Low,2.078969
264,Norway,2017,2.236803055,33.17786026,14.45257568,57.77200317,1.976462841,7.8369627,5817.636719,10.69999981,82.60975647,100.0000076,98.05438995,5276968,1.764624596,2762984,62.09999847,69.80965424,5.325999737,176.5850067,1326216,2.516758442,102.19133,Low,7.354667
265,Norway,2018,2.090204,33.17786026,14.54829121,57.77200317,1.883223891,7.8369627,5817.636719,10.39999962,82.75853729,100.0000076,98.05438995,5311916,-5.023808002,2768877,62.09999847,69.80965424,5.325999737,176.5850067,1326216,2.264043331,86.11242676,Low,20.904
266,Peru,2000,-0.393003613,59.48984528,20.67183113,32.155056,8.069375038,1.145004511,461.8931885,23.32799911,71.11100006,80.67446136,64.20269012,26459944,0.813610017,38654372,47.35499954,28.12960815,63.62499619,340.3089905,12485,20.491642,122.9120331,High,29
267,Peru,2001,-0.332979649,59.39312744,20.93694115,34.84128952,7.89362669,1.01365149,440.1260071,22.93499947,71.50499725,81.39324188,64.93759918,26799284,0.844795048,40043320,46.83499908,30.37153435,63.62200165,371.2279968,57632,19.3641243,145.1756287,High,33
268,Peru,2002,-0.273119688,59.29640579,21.17263031,34.16585159,7.523963451,1.00317955,438.1141968,22.64999962,71.88200378,82.10076141,65.6572113,27100968,0.416484267,41617692,46.74599838,30.53763008,59.29600143,346.8800049,66970,19.54870033,139.4499512,High,65
269,Peru,2003,-0.076416798,59.19968796,21.384552,34.81734848,7.31291914,0.963765144,425.1701355,22.45299911,72.23999786,82.79753876,66.36214447,27372226,0.522751153,42713696,46.93600082,32.84449387,59.32500076,346.6069946,73047,19.3799839,139.1631165,High,81
270,Peru,2004,-0.321763009,59.10296631,21.58141708,32.60697937,6.934432983,1.154623508,466.067749,22.31999969,72.58100128,83.48332214,67.05210114,27624212,1.14235425,43991384,47.81800079,30.30012894,61.12500381,402.0350037,76653,19.78047562,138.2355347,High,56
271,Peru,2005,-0.329964608,59.00624847,21.7704258,32.73183823,6.854264736,1.332646132,489.6523438,22.20400047,72.90799713,84.1579361,67.72686005,27866144,0.641481519,45816192,48.56999969,35.25328827,61.22200012,407.9259949,80621.96875,19.67281723,153.0024109,High,9
272,Peru,2006,-0.200190395,58.89421844,21.95473099,33.87949371,6.603484154,1.022117734,471.4453735,22.05200005,73.22200012,84.82221985,68.38743591,28102056,1.141075253,47704748,50.36500168,35.68172836,61.67200089,426.9909973,121826,19.83062553,143.4028168,High,44
273,Peru,2007,-0.246270597,58.78218842,22.13519669,32.37200928,6.705808163,1.237818956,505.9504089,21.82799911,73.52799988,85.47564697,69.0331955,28333052,2.010007143,50083728,50.57799911,32.99042892,61.51100159,313.8720093,130092,19.60653305,121.9224701,High,80
274,Peru,2008,-0.186953902,58.67015457,22.31431007,25.71715927,7.160941124,1.447808266,526.3966064,21.51199913,73.8259964,86.07914734,69.61753845,28562316,3.112977982,52551736,50.48199844,35.59420013,62.82500076,319.79599,135098,19.7504425,148.6020355,High,12
275,Peru,2009,-0.305230111,58.55812454,22.49426079,28.06084442,7.403906822,1.808368564,547.4265747,21.10300064,74.12000275,86.65898132,70.17193604,28792656,3.668322802,53655064,50.78300095,32.07184982,61.94499969,303.9049988,138099,19.27530861,137.0969849,High,33
276,Peru,2010,-0.228810802,58.44609451,22.6778698,30.79721069,6.827997208,2.00039959,643.0657959,20.62100029,74.41000366,87.23427582,70.71920013,29027674,3.197360039,54888464,51.22800064,32.868927,61.99500275,332.9573059,140101,19.52835083,136.5551758,High,20
277,Peru,2011,-0.219959095,58.31515503,22.8627491,29.54725838,7.100110054,1.705166578,649.2562256,20.10899925,74.6969986,87.80448914,71.25870514,29264318,1.390402317,56949188,51.15800095,32.93990326,61.36199951,297.6835327,141935,19.89429092,135.1104431,High,33
278,Peru,2012,-0.370449901,58.18421555,23.05217743,28.25329399,6.725234032,1.872846723,692.9539795,19.61700058,74.98100281,88.37021637,71.79114532,29506788,1.139752984,56125280,50.96900177,32.80550385,58.89200211,286.0756836,142832,19.85946655,110.9723282,High,128
279,Peru,2013,-0.423486888,58.05328369,23.2609272,25.98338509,6.668310165,1.57239902,684.1541138,19.18499947,75.25800323,88.93096924,72.31593323,29773988,0.620823085,57508048,50.74100113,33.33359909,58.79899979,292.7608032,148120,19.55771637,134.7437286,High,47
280,Peru,2014,-0.560316086,57.92234421,23.50809288,25.99686432,6.804247379,1.705884099,790.2171631,18.82699966,75.52899933,89.48704529,72.83344269,30090360,0.382826507,59382952,51.2120018,30.90124512,58.91699982,204.6231384,148381,19.78577423,114.4004135,High,94
281,Peru,2015,-0.533840775,57.79140472,23.80526161,25.50390625,7.045644283,1.727431893,790.2171631,18.54400063,75.79199982,90.03872681,73.34397888,30470734,0.576510787,61333632,51.26499939,27.65467262,58.94300079,183.1773071,151174,19.43261719,127.0148773,High,14
282,Peru,2016,-0.367378294,57.66046906,24.16096306,25.50390625,6.935034752,1.856501341,790.2171631,18.32299995,76.04399872,90.58557129,73.84703827,30926032,0.764443099,62716808,51.26499939,27.65467262,58.94300079,175.4743958,156430,19.78474998,124.4626007,High,16
283,Peru,2017,-0.49627009,57.66046906,24.56585693,25.50390625,6.779759407,1.856501341,790.2171631,18.13400078,76.28600311,91.12786865,74.34295654,31444296,0.599136293,65422752,51.26499939,27.65467262,58.94300079,214.5285645,156430,20.3299675,123.950737,High,59
284,Peru,2018,-0.531883895,57.66046906,24.99160576,25.50390625,6.891732216,1.856501341,790.2171631,17.9489994,76.51599884,91.12786865,74.34295654,31989256,0.892861485,68396800,51.26499939,27.65467262,58.94300079,217.5341339,156430,20.36403275,122.9650574,High,50
285,Pakistan,2000,-0.841039777,2.744915009,184.6507568,50.95914841,25.61725998,0.747833848,450.0578613,34.70299911,62.81999969,85.99668121,31.36665726,142343584,2.961992264,11145342,63.72399902,35.53803253,53.84199905,53.66199875,6596,20.46583748,25.07616806,High,13
286,Pakistan,2001,-0.874714196,2.689393759,189.365921,51.31745529,24.19827461,0.741773069,446.0109863,34.01900101,63.06600189,86.05538177,33.23617935,145978400,3.865535498,11557191,66.4280014,35.06439972,54.06200027,117.1320038,7551,20.85587311,21.13506317,High,15
287,Pakistan,2002,-0.908296585,2.633872986,193.9986725,51.08923721,23.06293488,0.762850344,440.2513123,33.37599945,63.29999924,86.40557861,35.0986557,149549696,1.564790249,11502890,67.81999969,35.24917984,54.26900101,100.4169998,11532,20.69285583,15.98307991,High,45
288,Pakistan,2003,-0.762178004,2.578351974,198.5955963,49.71014786,22.86474037,0.776618481,449.5780945,32.78099823,63.52199936,86.75419617,36.95306015,153093376,2.199224472,12289391,69.71700287,37.6246109,54.11199951,116,13621,20.78021812,19.48818207,High,30
289,Pakistan,2004,-1.082520008,2.522831202,203.2283783,47.50968933,23.08295441,0.840018809,470.9897461,32.23899841,63.73600006,87.10135651,38.79981995,156664704,3.935620785,12771228,70.76999664,41.93607712,55.11199951,221.0440063,22114,20.80696106,17.45571327,High,13
290,Pakistan,2005,-1.053138018,2.46731019,207.9493713,47.5155983,22.9604187,0.852356017,477.290863,31.75499916,63.95100021,87.44689941,40.63846588,160304000,2.273086309,13258254,71.90200043,47.35731888,54.76299667,138.6909943,25981,20.33409882,32.17392349,High,34
291,Pakistan,2006,-0.81358248,2.411529779,212.7732239,46.51300812,21.60797691,0.890578032,485.9415283,31.33200073,64.1760025,87.79093933,42.39739609,164022624,2.394891977,13752567,73.46099854,51.78505707,52.94599915,112.2330017,28393,21.05118942,21.47769737,High,32
292,Pakistan,2007,-0.816726327,2.355749369,217.6838226,44.27607346,21.80047226,0.946883798,500.4320374,30.95999908,64.41999817,88.13342285,44.12034988,167808112,3.390348196,14253792,74.57900238,55.68811417,51.32699966,161.576004,39531,20.1510334,26.97423935,High,24
293,Pakistan,2008,-0.895073414,2.299968958,222.6662903,45.9939537,22.50026512,0.926721454,481.021759,30.63100052,64.68499756,88.47424316,45.80725479,171648992,3.910656691,14750542,74.77400208,58.43376923,51.20199966,230.125,43120,20.99469185,30.47072983,High,13
294,Pakistan,2009,-1.069159031,2.244188547,227.6951141,45.77233887,22.71733093,0.904917002,477.4711304,30.3390007,64.96900177,88.81338501,47.45842743,175525616,5.374286652,15255493,75.30599976,48.11193085,51.04899979,256.9389954,44317,20.61802864,26.53999519,High,35
295,Pakistan,2010,-1.087391019,2.188408136,232.753006,46.72204208,23.28158951,0.944500923,473.8497314,30.08200073,65.26399994,89.15091705,49.07455063,179424640,5.743357182,15572305,76.3259964,51.6728096,51.13600159,83.58040619,89021,20.51441002,28.1029892,High,46
296,Pakistan,2011,-1.076292038,2.132627726,237.8328552,46.07094193,25.12918282,0.936048031,467.2175293,29.86000061,65.56199646,89.48680115,50.65591049,183340592,5.322375298,15958608,75.90000153,55.98828125,51.4960022,107.1790924,92200.35156,20.91059113,23.55043411,High,36
297,Pakistan,2012,-1.062924027,2.076847315,242.9450378,46.52323532,23.71024895,0.908401608,462.677002,29.66699982,65.84899902,89.8210144,52.20281219,187281472,5.730826378,16407919,76.06199646,52.61989594,50.11199951,122.1512451,72292.85156,20.9999218,32.07989883,High,24
298,Pakistan,2013,-0.956362307,2.021066904,248.109848,47.46095276,23.83211708,0.914224386,464.0383606,29.49099922,66.11699677,90.15338898,53.71491241,191262912,4.274013519,16605508,75.43800354,49.77670288,49.84399796,334.8804932,125692.8984,20.72489548,26.79002953,High,22
299,Pakistan,2014,-0.833833992,1.965286374,253.3556824,46.60453033,23.74453926,0.933991492,460.2348022,29.31800079,66.36000061,90.48406219,55.19319534,195306832,6.119001389,16877968,74.89600372,46.7852478,50.53899765,295.3122559,115271.3984,20.05353546,22.83523369,High,24
300,Pakistan,2015,-0.810755789,1.909505963,258.7004089,46.47632599,23.81706238,0.945421159,460.2348022,29.12400055,66.57700348,90.81298828,56.63796234,199426960,4.87019968,17052108,73.78700256,45.13394547,49.93000031,329.5688171,90976.46094,20.65271759,29.15353775,High,13
301,Pakistan,2016,-0.875464916,1.853725553,264.1491394,46.47632599,23.21519852,0.987832367,460.2348022,28.88800049,66.76999664,91.14014435,58.25736618,203627280,2.208572149,17169768,73.78700256,45.13394547,49.93000031,276.1751099,100187.2031,20.52786827,22.95723534,High,24
302,Pakistan,2017,-0.778294086,1.853725553,269.6874695,46.47632599,22.92586708,0.987832367,460.2348022,28.59900093,66.9469986,91.4654541,59.86949539,207896688,4.355175495,17209816,73.78700256,45.13394547,49.93000031,316.8257141,100187.2031,20.55905914,33.14083862,High,14
303,Pakistan,2018,-0.790824711,1.853725553,275.2893066,46.47632599,22.85564423,0.987832367,460.2348022,28.25,67.11399841,91.4654541,59.86949539,212215024,3.581144571,17532996,73.78700256,45.13394547,49.93000031,313.2646484,100187.2031,21.41461754,23.91365433,High,24
304,Sri Lanka,2000,-0.182998598,34.9545517,299.4355164,64.15656281,19.92731476,0.545238137,443.4264526,18.46299934,71.33300018,79.54815674,84.63792419,18777600,1.224592328,7978309,52.51499939,88.63644409,41.38100052,255.7079926,4420,27.72394943,121.6492081,Low,45.9
305,Sri Lanka,2001,-0.183295608,34.71854401,301.5744019,62.927742,20.06660461,0.552229524,425.6340942,18.49200058,72.23300171,80.15522766,85.2636795,18911730,1.126765966,7864117,52.29700089,80.89859772,39.10899734,217.5670013,3610,26.9794426,146.3070679,Low,31.8
306,Sri Lanka,2002,-0.183591798,34.48253632,303.9783325,62.09988403,14.27932262,0.579987705,430.0446777,18.53499985,73.08499908,80.73648834,85.88964081,19062482,1.058988333,7830731,51.70999908,76.33512878,39.33699799,203.1260071,2651,27.12989235,139.5129242,Low,27
307,Sri Lanka,2003,-0.226230204,34.24653244,306.5545654,61.30121231,13.23051453,0.576258123,451.618927,18.5739994,73.7990036,81.31739044,86.51580048,19224036,1.090747237,7907981,51.92699814,75.33625031,39.5,238.0090027,3462,27.28871727,119.9571991,Low,21.9
308,Sri Lanka,2004,-0.145818099,34.01052475,309.1556702,61.60870361,12.54380417,0.634395242,453.8068542,18.59199905,74.33699799,81.89775085,87.14215851,19387152,1.18827796,7984113,51.73300171,79.4829483,37.62000275,312.6270142,4003,27.39383316,142.3216705,Low,34.5
309,Sri Lanka,2005,-0.3397865,33.77451706,311.6725769,60.0762291,11.81947708,0.619140804,460.5093079,18.57600021,74.69499969,82.47738647,87.76874542,19544988,1.211327434,8056471,52.00500107,73.60397339,37.64500046,310.3619995,4304,27.36107445,134.3720398,Low,34.9
310,Sri Lanka,2006,-0.200084195,33.72667694,314.0802307,62.1740036,11.33627987,0.608064532,461.1367798,18.51300049,74.90399933,83.05665588,88.39550781,19695972,1.126677394,8123334,52.5870018,71.26117706,41.17200089,325.4129944,5652,27.1204586,159.3099976,Low,81.8
311,Sri Lanka,2007,-0.152948201,33.67884064,316.4095764,60.19686127,11.6831646,0.622623503,466.7071533,18.40399933,75.03700256,83.63521576,89.02251434,19842044,1.116128564,8183016,52.77000046,68.60651398,40.61300278,343.6409912,8233,27.21448326,138.5861053,Low,26.8
312,Sri Lanka,2008,-0.225210905,33.63100052,318.6730042,61.57084274,13.37920094,0.610861301,456.0943298,18.25200081,75.15699768,84.21338654,89.64968109,19983984,1.697007179,8231291,53.0359993,63.36904526,40.89300156,331.4570007,7474,27.17082405,176.3632202,Low,40
313,Sri Lanka,2009,-0.397427797,33.5831604,320.8979187,63.50919342,12.69197083,0.6547333,449.5265503,18.06100082,75.28600311,84.791008,90.33813477,20123508,1.863919377,8273940,52.5019989,49.14914322,39.66799927,278.9979858,7548.679199,27.12896729,130.8357391,Low,51.8
314,Sri Lanka,2010,-0.421347886,33.53532028,323.1021729,61.84228134,8.49614048,0.654610157,480.7718506,17.83799934,75.43900299,85.36794281,91.02494812,20261736,1.847465396,8310608,52.02000046,46.3638916,41.83499908,339.0489197,8058.140137,27.02765083,164.746521,Low,22.1
315,Sri Lanka,2011,-0.393271297,33.43007278,325.2857666,59.24946594,8.831664085,0.742076635,512.6741333,17.59399986,75.61399841,85.94446564,91.71001434,20398670,0.960350513,8341363,52.13700104,54.98457718,42.17700195,364.5026245,11912.21973,27.39329147,136.4742584,Low,31.8
316,Sri Lanka,2012,-0.236788303,33.3248291,325.7056274,60.69129181,7.449325562,0.786362767,551.0206909,17.34300041,75.79599762,86.52044678,92.39339447,20425000,0.841839969,8242391,51.38700104,51.49208069,40.70000076,405.4204407,8839.755859,27.55480766,142.3408813,Low,59.6
317,Sri Lanka,2013,-0.214864999,33.2195816,328.2570496,59.87225342,7.666516304,0.724493027,487.378418,17.09300041,75.97399902,87.09783173,93.07455444,20585000,1.464115858,8250892,52.59700012,49.25779343,41.14900208,385.1199951,30881.30078,27.33205795,129.6267395,Low,26.9
318,Sri Lanka,2014,-0.343856692,33.11433792,331.3347168,57.58518219,8.006609917,0.862657428,515.5110474,16.84900093,76.14700317,87.67644501,93.75370026,20778000,1.375173092,8172455,51.70899963,50.2508812,40.72299957,384.7086487,34220.30078,27.52645874,142.0133972,Low,61.4
319,Sri Lanka,2015,-0.344155401,33.00909042,334.3964233,52.87589264,8.184271812,0.959155679,515.5110474,16.60899925,76.31600189,88.25596619,94.43109894,20970000,1.255214095,8498965,51.35900116,49.55879593,40.39200211,381.6320496,36037.75,27.29522514,121.9206467,Low,21.9
320,Sri Lanka,2016,-0.310729414,32.90384293,338.1119385,52.87589264,7.426799774,1.101846814,515.5110474,16.36400032,76.48200226,88.83598328,95.10703278,21203000,1.126054406,8449225,51.35900116,49.55879593,40.39200211,403.075592,30974.2207,27.4266243,153.2496948,Low,25.9
321,Sri Lanka,2017,-0.451861888,32.90384293,341.9550171,52.87589264,7.83302927,1.101846814,515.5110474,16.1060009,76.64800262,89.41629028,95.78172302,21444000,0.84371829,8519572,51.35900116,49.55879593,40.39200211,398.4734497,30974.2207,27.41980743,175.6013031,Low,34.7
322,Sri Lanka,2018,-0.335573107,32.90384293,345.5589294,52.87589264,7.92470789,1.101846814,515.5110474,15.83100033,76.81199646,89.41629028,95.78172302,21670000,1.096793294,8630101,51.35900116,49.55879593,40.39200211,436.197998,30974.2207,27.72951698,99.62023926,Low,19.9
323,Uganda,2000,-0.873840272,19.36339569,118.3633041,93.90604401,27.50910759,0.060780276,2906.547119,48.58399963,46.22900009,26.75161552,17.38951111,23650172,3.18915534,7964690,67.91200256,32.74903488,86.19300079,20.65299988,820,23.21100044,100.7505035,High,34
324,Uganda,2001,-0.891141176,18.92297745,122.0607986,94.15309143,27.85024071,0.061946206,2934.485107,48.31800079,47.22000122,27.91321373,17.49492455,24388968,2.337226391,8210198,67.79199982,35.32997513,86.14899445,21.06599998,2360,23.06031609,104.5412674,High,42
325,Uganda,2002,-0.908394814,18.4825592,125.9559402,94.3177948,23.43342781,0.061924707,2918.046143,48.04000092,48.29899979,29.09729576,17.59526253,25167256,2.594761848,8474559,67.70999908,36.27779388,85.12799835,21.27700043,4915,23.39837456,94.85382843,High,30
326,Uganda,2003,-0.813955486,18.04214096,130.0262909,94.22592926,24.50702286,0.062667951,3015.32251,47.7480011,49.42100143,30.3032608,17.69049454,25980552,2.593888283,8754685,67.99500275,36.58572769,84.38700104,23.40500069,5500,23.83838272,102.1643906,High,64
327,Uganda,2004,-0.77943629,17.60172081,134.2340088,93.92102814,21.67035294,0.064805143,3067.681885,47.43799973,50.55400085,31.53096962,17.78071976,26821296,2.988527298,9055603,68.53500366,35.46008682,77.49199677,26.68199921,5539,24.21640015,104.3795853,High,33
328,Uganda,2005,-0.823587418,17.16130257,138.5545502,92.80583191,25.07493591,0.078414179,3193.484375,47.10100174,51.67599869,32.77787018,17.865345,27684584,3.190820217,9377010,69.06600189,38.99428558,78.71399689,28.54999924,10817,24.1070919,98.03860474,High,32
329,Uganda,2006,-0.785988092,16.4846611,142.9932251,92.42061615,24.03493309,0.088814594,3135.479004,46.72800064,52.7840004,34.04569626,17.94504547,28571476,3.720440626,9719420,68.75800323,43.63328552,77.76200104,33.97499847,32392,23.88851738,93.84854126,High,42
330,Uganda,2007,-0.821338117,15.80801773,147.5718842,92.30914307,22.27811432,0.097997792,3088.236572,46.30799866,53.88700104,35.33237076,18.01937675,29486338,4.213615894,10083345,68.43900299,46.77741623,77.12400055,30.57799911,51110,24.01702499,74.79374695,High,9
331,Uganda,2008,-0.832621813,15.13137436,152.3033752,92.28421021,21.38459778,0.104834311,3155.062988,45.83399963,54.98400116,36.63811111,18.08858299,30431736,6.479820728,10456546,68.11599731,56.25826645,76.74099731,29.54400063,52250,23.77296638,112.3231964,High,23
332,Uganda,2009,-0.901866972,14.45473194,157.2048187,92.43868256,33.70788574,0.107636295,3066.531738,45.29899979,56.06000137,37.96132278,18.15238762,31411096,6.44527626,10855276,67.80999756,46.74475098,77.10099792,26.85499954,76654.10156,23.67176628,127.3089066,High,82
333,Uganda,2010,-0.917554677,13.72930336,161.7203674,91.60617065,31.96911621,0.120883271,3123.451172,44.69300079,57.09899902,39.30215073,18.21102333,32428168,5.118754864,11278085,68.01000214,45.71982193,77.14800262,0.73526299,95000,23.69809151,102.6291809,High,81
334,Uganda,2011,-0.920548797,13.05505753,166.950531,91.09121704,28.40300751,0.127392873,3015.992432,44.00699997,58.0870018,40.65942001,18.26435089,33476920,4.631929874,11722812,68.22200012,52.93644333,76.38899994,0.665850639,85712.70313,24.30930901,99.22845459,High,46
335,Uganda,2012,-0.988455713,12.38081074,172.3477325,91.26617432,26.65641212,0.118310288,3052.526611,43.2480011,59.01699829,42.03276443,18.3124733,34559168,2.694240332,12188774,68.54199982,53.33848953,76.36999512,0.803977549,95906,23.93552589,118.716156,High,39
336,Uganda,2013,-1.042657018,11.70656204,178.0133972,90.75016785,25.77605247,0.123482384,3044.61084,42.4280014,59.88100052,43.42023087,18.35504341,35695248,4.432457924,12668625,69.625,50.89653397,76.19599915,0.860220015,98063,23.59402466,110.5298386,High,11
337,Uganda,2014,-1.085041046,11.03231525,184.0821228,90.22212982,24.60822296,0.129345879,3103.588135,41.56399918,60.66899872,44.82258606,18.39250755,36912148,5.214905262,13172930,69.51200104,46.31652832,75.77500153,0.670884013,111023,23.38940048,124.8677902,High,53
338,Uganda,2015,-1.051651001,10.35806942,190.6316223,89.05794525,23.29637527,0.139771238,5607.53418,40.68000031,61.3730011,46.23822403,18.42463684,38225452,4.455366135,13664315,69.37200165,47.66442108,75.34799957,0.023472,117590,23.4103241,134.8160095,High,27
339,Uganda,2016,-1.056743979,9.683822632,197.7234497,89.05794525,22.42788696,0.143267095,5607.53418,39.79999924,61.98600006,47.66563034,18.45123291,39647504,3.878679514,14172510,69.37200165,47.66442108,75.34799957,0.023002559,118051.2031,23.48292542,99.98271179,High,47
340,Uganda,2017,-1.042835951,9.683822632,205.278595,89.05794525,23.4588356,0.143267095,5607.53418,38.9469986,62.51599884,49.10403061,18.47231865,41162464,2.72169733,14698381,69.37200165,47.66442108,75.34799957,0.023002559,118051.2031,23.55038261,114.5927811,High,46
341,Uganda,2018,-1.038053989,9.683822632,213.0617371,89.05794525,22.80939484,0.143267095,5607.53418,38.13499832,62.97299957,49.10403061,18.47231865,42723140,2.598555326,15233398,69.37200165,47.66442108,75.34799957,0.023002559,118051.2031,23.86768341,114.5716476,High,23
342,Vietnam,2000,-0.568332016,37.70012283,256.8970947,57.96369934,24.53458214,0.671308577,359.603302,17.42900085,73.02500153,80.14247131,52.36566162,79910416,6.141214371,40327944,75.37200165,111.4170914,81.04100037,117.3320007,513517,25.32508278,149.0131073,High,8
343,Vietnam,2001,-0.56897366,38.56440353,259.5470581,56.35774994,23.24104691,0.757220685,379.5465698,17.03100014,73.22799683,81.02645111,54.2408371,80742496,4.922663689,41354040,74.9489975,111.9559402,78.62599945,135.3630066,603098,24.33866692,175.8269806,High,26
344,Vietnam,2002,-0.569613576,39.50088501,262.5484009,52.41333008,23.02944183,0.868419945,410.1504517,16.81999969,73.43800354,81.90405273,56.10414505,81534408,4.163924217,42312000,75.40200043,116.6968689,78.96199799,151.9100037,718041,24.29319191,148.0110016,High,26
345,Vietnam,2003,-0.49906829,40.43280411,265.4292908,51.02385712,22.5424366,0.957054377,426.6101379,16.73399925,73.65399933,82.77435303,57.95381546,82301656,3.977335453,43407468,75.24500275,124.3279572,77.55899811,164.4589996,952502,24.71243286,176.3661957,High,20
346,Vietnam,2004,-0.734896004,41.30357742,267.8840942,45.98952484,21.8076992,1.090129495,469.1355591,16.73999977,73.875,83.63763428,59.79050446,83062824,3.992686987,44383328,75.25099945,133.0164948,73.88200378,216.5269928,1213617,24.90439224,168.8604584,High,40
347,Vietnam,2005,-0.724291205,42.17434692,270.3668823,44.35696411,19.29997826,1.170708299,492.0724487,16.80500031,74.09200287,84.49318695,61.68630981,83832664,3.666012287,45289504,75.04599762,130.7148438,69.68900299,230.1860046,1452300,24.97434998,129.9013672,High,26
348,Vietnam,2006,-0.745854318,42.85226059,272.8981934,44.46111679,18.72678566,1.214192748,499.5559387,16.90299988,74.29499817,85.34112549,63.57247162,84617536,3.544080973,46205808,74.85900116,138.3136292,68.55400085,216.0119934,1672727,24.61105919,130.1136932,High,35
349,Vietnam,2007,-0.62930119,43.53017044,275.4848633,42.10217667,18.65509987,1.22773397,532.487793,17.0170002,74.47399902,86.18120575,65.44870758,85419592,3.390403748,47171712,74.65899658,154.6053772,67.57099915,258.4880066,2100400,24.81881714,157.7486267,High,26
350,Vietnam,2008,-0.707145393,44.20808029,278.1417542,39.458992,20.41314316,1.368182421,563.9279785,17.12899971,74.625,87.01306915,67.31449127,86243416,3.616000891,48034824,74.78600311,154.3174744,66.39599609,295.7590027,2477450,24.71604156,152.7939148,High,26
351,Vietnam,2009,-0.544167876,44.88599396,280.8793335,37.1668129,19.16845894,1.47695148,609.276123,17.22100067,74.74500275,87.83675385,69.17011261,87092256,8.654717445,48953544,74.60700226,134.7063141,65.98799896,311.5020142,2571080,24.38475037,167.3985138,High,146.8
352,Vietnam,2010,-0.623576283,45.56390381,283.7025452,34.79589844,18.37848091,1.622618914,669.6999512,17.28199959,74.83699799,88.65319061,71.01800537,87967648,9.663039207,49925424,74.88999939,152.2173615,64.81199646,426.915741,2701317,23.89649963,163.8767395,High,26
353,Vietnam,2011,-0.607308805,45.97993851,286.6177368,36.52695847,19.56775093,1.712240696,662.5571899,17.31599998,74.90399933,89.4605484,72.85442352,88871560,7.168819904,50869268,75.72200012,162.9145508,63.51600266,475.3856506,2859581,24.57829094,137.8751221,High,58
354,Vietnam,2012,-0.528000474,46.39597321,289.6200562,38.11436462,19.22140121,1.588281512,667.3200073,17.33099937,74.95800018,90.25871277,74.67936707,89802488,6.900611877,51939896,76.32800293,156.5539246,62.61399841,503.5503235,3103351,24.92385864,132.8218231,High,26
355,Vietnam,2013,-0.478266388,46.81201172,292.6870422,37.39155197,17.96358681,1.622307658,660.3341064,17.33300018,75.0059967,91.04709625,76.49172211,90753472,5.481799126,52960884,76.6230011,165.0942383,62.62700272,497.1798096,3220071,23.88394165,166.8919525,High,26
356,Vietnam,2014,-0.436201096,47.22804642,295.7867432,37.03547287,17.69919968,1.824532032,660.3341064,17.31500053,75.05599976,92.2763443,78.29218292,91714592,5.370298862,53977064,77.09300232,169.5345154,62.20299911,450.2200317,3354342,24.78302574,178.8144226,High,15
357,Vietnam,2015,-0.426196486,47.64408112,298.8908081,34.99856949,16.9922123,2.032107592,660.3341064,17.25900078,75.11000061,93.1988678,80.08031464,92677072,5.197929382,54961592,76.83399963,178.7674103,57.72199631,384.4702454,3450200,24.51757431,178.3691864,High,26
358,Vietnam,2016,-0.452470809,48.06011581,301.992218,34.99856949,16.31964493,2.057565928,660.3341064,17.14999962,75.17199707,93.99011993,81.85570526,93638720,4.94080019,55902420,76.83399963,178.7674103,57.72199631,451.2561951,3634531,24.65444946,138.3499298,High,50.9
359,Vietnam,2017,-0.583143115,48.06011581,305.0815735,34.99856949,15.34488297,2.057565928,660.3341064,16.97900009,75.24099731,94.71880341,83.5150528,94596640,6.106361389,56489772,76.83399963,178.7674103,57.72199631,453.3495483,3634531,25.13700867,143.9633942,High,112.7
360,Vietnam,2018,-0.485406488,48.06011581,308.1252441,34.99856949,14.68197823,2.057565928,660.3341064,16.74500084,75.31700134,94.71880341,83.5150528,95540392,6.138072491,56888432,76.83399963,178.7674103,57.72199631,481.3699646,3634531,25.07315826,165.7384796,High,26
