Country,Year,Corruption,ForestArea,PopDense,Renewables,AFF,CO2,EnergyCons,BirthRate,Lexpectancy,DrinkingWater,Sanitation,PopTotal,ForeignInvest,Labor,EmployRatio,Trade,Vulnerable,AirFreight,Aquaculture,Temp,Rainfall
Bahrain,2000,0.3809991,0.521126767,936.071831,0,..,28.31587801,11988.77539,21.722,74.44,99.89794432,99.85440024,664611,2.902019672,280118,64.9240036,135.8090158,1.597000051,208.801,12,28.363625,7.6995725
Bahrain,2001,..,0.549295754,982.4577465,0,..,20.21319771,11738.21331,21.166,74.635,99.90803774,99.86792022,697545,6.852999957,291227,64.96399689,127.026112,1.589000054,233.928,0,28.61989167,7.184089167
Bahrain,2002,0.8205786,0.56338029,1035.416901,0,..,21.61354479,11548.58083,20.591,74.822,99.91813116,99.8814402,735146,4.011542051,305448,65.23600006,130.6075232,2.287,244.115,3,27.92240833,5.775375833
Bahrain,2003,0.3998932,0.583333315,1081.538889,0,..,21.57701475,11566.54484,19.996,74.999,99.92822458,99.89496017,778708,0.895242857,325858,65.87400055,128.0914868,2.229000032,341.232,4,28.20116667,2.262286667
Bahrain,2004,0.4514511,0.589041106,1136.772603,0,..,21.63494826,10895.01521,19.385,75.167,99.938318,99.90848015,829844,2.252734517,349795,66.7539978,140.7372332,2.052000061,416.514,8,28.03978333,6.671758333
Bahrain,2005,0.3900585,0.608108092,1201.572973,0,..,22.35673846,11675.4592,18.778,75.326,99.94841141,99.92200013,889164,4.665540204,378726,67.73899841,148.313493,2.166000009,..,3,28.0828,6.12304
Bahrain,2006,0.1940299,0.621621633,1295.159459,0,0.268763501,20.33953035,11604.20088,18.203,75.478,99.95850483,99.93552011,958418,6.580206432,413257,68.16699982,147.1018554,2.180000067,..,2,27.93515833,6.802101667
Bahrain,2007,0.1807736,0.639999986,1381.225333,0,0.29227169,25.91525689,11233.9179,17.685,75.625,99.96859825,99.94904008,1035919,6.566593037,453396,68.85399628,137.7850506,2.064999938,..,1,27.700975,6.3949625
Bahrain,2008,0.18894,0.644736855,1466.632895,0,0.264810237,26.70698996,11318.25763,17.239,75.77,99.97869167,99.96256006,1114641,15.750616,501657,69.7009964,145.882662,2.019000053,..,2,28.01723333,6.8620775
Bahrain,2009,0.1851566,0.671052619,1559.310526,0,0.337284357,23.81076404,10339.1909,16.863,75.913,99.98878509,99.97608004,1185076,8.08243219,556576,70.58599854,117.9637254,1.963999987,564.331,2,28.1965,3.831151667
Bahrain,2010,0.183213,0.695538048,1628.425262,0,0.297677228,23.58551891,10207.86793,16.547,76.057,99.99887851,99.98960002,1240860,6.977585045,614060,71.40399933,120.4723945,1.992000043,504.494,3.187,28.00100833,3.3380475
Bahrain,2011,0.2173178,0.704041777,1666.42901,0,0.290850277,22.57032933,9912.711409,16.271,76.2,100,100,1278151,1.12105291,668183,70.53900146,174.1589649,1.995999932,417.5829886,3.424,28.32619167,8.785218333
Bahrain,2012,0.3738421,0.72727273,1688.237662,0,0.275737043,21.19618937,9659.604306,16.005,76.342,100,100,1299943,0.605800046,714129,70.63800049,185.8889752,1.952999949,338.0710086,1.725,28.91910833,2.403029167
Bahrain,2013,0.4330941,0.740259731,1707.82987,0,0.274789045,23.88377367,10419.81584,15.727,76.484,100,100,1315029,2.71349353,727110,70.65599823,191.877805,1.932000041,265.615452,0,28.125,4.9154525
Bahrain,2014,0.2788305,0.765239929,1732.911837,0,0.299909669,23.47736317,10596.55034,15.426,76.624,100,100,1336075,5.023465326,740032,70.70600128,175.5646506,1.890000045,258.367992,5.71,28.29679167,4.253380833
Bahrain,2015,0.1388495,0.771208227,1763.304558,0,0.315466039,23.97708643,..,15.096,76.762,100,100,1371851,11.45594518,747939,70.77500153,154.0673928,1.840999991,240.107004,6,27.85209167,3.28925
Bahrain,2016,-0.0158624,0.784061684,1832.636175,..,0.332012486,22.22898097,..,14.738,76.899,100,100,1425791,4.548430831,758823,..,..,..,387.3108131,6,28.246725,7.809196667
Bahrain,2017,-0.1409623,..,1920.403524,..,0.291006503,..,..,14.365,77.032,100,100,1494074,0.208487848,777898,..,..,..,390.39,..,28.73196667,4.241576667
Bahrain,2018,-0.147291,..,2017.2737,..,0.289107982,..,..,13.99,77.163,..,..,1569439,0.756860757,816373,..,..,..,420.98375,..,28.5921,1.537863333
Bangladesh,2000,-1.108687,11.27756011,980.7010371,59.00848427,22.71814808,0.216415811,143.0538148,27.493,65.447,95.21504358,25.64404047,127657854,0.380236167,44628349,55.59600067,29.32171436,64.94799995,193.867,657120,25.5315,218.1898758
Bangladesh,2001,..,11.25758642,999.3754475,55.79384213,21.84834058,0.250764528,153.5600686,26.818,65.956,95.38698131,26.97425429,130088702,0.350421247,46112850,55.57600021,32.09801707,64.68100166,169.602,712640,25.74193333,216.8646075
Bangladesh,2002,-1.361227,11.23761273,1017.731321,54.32211192,20.58413442,0.253743015,154.3926518,26.132,66.43,95.56340155,28.33347567,132478086,0.525362089,47598773,55.53699875,28.96738072,64.97299957,171.582,786604,24.88579167,202.1598242
Bangladesh,2003,-1.442822,11.2176381,1035.504364,52.63786238,19.8127183,0.260732325,159.8949973,25.439,66.886,95.73787652,29.68812768,134791603,0.145443905,48946794,55.12599945,27.6578849,64.71100044,175.496,856956,25.63728333,187.338
Bangladesh,2004,-1.496538,11.1976644,1052.365614,52.12359365,19.26695957,0.275079009,160.2451037,24.742,67.331,95.91029337,31.03777483,136986432,0.095579368,50303954,55.10800171,26.85823415,64.56800079,180.432,914752,25.41999167,210.9921775
Bangladesh,2005,-1.387597,11.17769071,1068.107129,50.7759641,18.57103955,0.284106739,163.9427353,24.053,67.773,96.00987531,32.41222141,139035505,0.445960783,51642722,55.16400146,34.39693486,63.89999962,183.493,882091,25.375425,197.7574492
Bangladesh,2006,-1.434258,11.15771702,1082.593278,48.90239769,18.03401651,0.309163115,173.3027516,23.384,68.213,96.10640915,33.78316417,140921167,0.689472336,52935998,55.41899872,38.11192443,63.22999954,190.831,892049,25.45725,181.6969342
Bangladesh,2007,-1.056078,11.13774333,1095.954337,47.48291615,17.80653678,0.312205696,178.8510427,22.747,68.648,96.19976855,35.14919618,142660376,1.095149819,54175076,55.11299896,39.94238265,62.66499901,89.026,945812,25.62765833,159.8205917
Bangladesh,2008,-1.034565,11.1177687,1108.582369,45.58141547,17.59569554,0.343895204,185.5821114,22.153,69.072,96.289855,36.50894318,144304167,0.635657188,55153622,54.80199814,42.62091403,62.18200111,84.219,1005542,25.997575,173.3806583
Bangladesh,2009,-1.06978,11.097795,1121.032473,43.68911699,17.10462905,0.373296973,193.0731142,21.605,69.485,96.37656137,37.86105124,145924797,0.817754424,56091457,54.24900055,40.09279622,61.31399918,0.013,1064285,25.63485833,258.3078117
Bangladesh,2010,-1.057121,11.07782131,1133.713068,41.05084179,17.00118126,0.408083791,206.7611594,21.107,69.881,96.45986836,39.20461301,147575430,1.449748396,57004748,55.06100082,37.80284267,61.00799942,164.4246386,1308515,25.50484167,180.3876975
Bangladesh,2011,-1.087314,11.05784762,1146.760221,39.43785524,16.80998676,0.423609216,212.0573715,20.657,70.256,96.53966097,40.53809919,149273778,0.879494542,57920440,54.80799866,47.42084984,61.39199924,159.6927835,1523759,26.22205,173.0767667
Bangladesh,2012,-0.8498433,11.03787393,1160.081486,38.61267863,16.17756317,0.448127943,219.9696404,20.245,70.606,96.6157701,41.85974148,151007807,1.068934861,58860664,54.56700134,48.11092275,60.77400017,152.319037,1726066,26.11276667,195.6788925
Bangladesh,2013,-0.8870706,11.01789929,1173.578213,38.76048127,15.493278,0.454664317,222.0566618,19.862,70.93,96.68811244,43.16815108,152764676,0.983166534,59932582,54.18999863,46.29640272,59.92299843,225.1869,1859808,25.46449167,233.1747342
Bangladesh,2014,-0.8869383,10.9979256,1187.064354,37.63448349,15.3516209,0.477335997,229.2464129,19.501,71.231,96.75671305,44.46270297,154520167,1.18810285,61016510,54.10900116,44.5140802,59.20700073,207.73842,1956925,24.978775,177.428295
Bangladesh,2015,-0.8083352,10.97795191,1200.401598,34.74706901,14.78299644,0.518850859,..,19.156,71.514,96.82151436,45.74216109,156256276,1.73541854,62111483,54.02700043,42.08599908,58.57700157,57.00954718,2060408,24.89361667,180.089055
Bangladesh,2016,-0.8570897,10.95797822,1213.573327,..,14.04554784,0.533298791,..,18.824,71.785,96.88253034,47.00580284,157970840,1.468712877,63214859,..,..,..,53.97916179,2203554,24.86855833,160.281175
Bangladesh,2017,-0.8317419,..,1226.631274,..,13.41346464,..,..,18.501,72.052,97.01600557,48.23324272,159670593,1.451287742,64315695,..,..,..,61.74997781,..,24.88594167,212.0002325
Bangladesh,2018,-0.9051279,..,1239.579312,..,13.0743171,..,..,18.184,72.32,..,..,161356039,1.050952188,65383994,..,..,..,63.81815198,..,25.35675,176.8614433
Canada,2000,2.115544,38.24727745,3.374464866,21.51040106,1.865594807,17.41463895,8265.079925,10.7,79.13658537,99.11182773,99.78214849,30685730,3.599559414,15698979,60.81299973,82.85772601,10.60399973,1896.114,127665,-4.6594175,38.29540833
Canada,2001,..,38.24230825,3.41132324,21.00867869,1.876011065,17.01842806,8056.349425,10.7,79.33902439,99.11573044,99.78371373,31020902,3.6665274,15986015,60.65200043,78.40632001,10.00100017,1709.813,153046,-5.460449167,40.54865833
Canada,2002,2.034852,38.23733561,3.448622039,21.76983695,1.743071599,16.56039221,7993.879384,10.5,79.4902439,99.11664658,99.78408068,31360079,9.202457664,16235249,61.24700165,75.73269035,10.09100004,1578.027,172046,-6.2110125,38.07581667
Canada,2003,1.986542,38.23236641,3.479847496,21.18307873,1.810020979,17.47884132,8341.343144,10.6,79.74146341,99.11757757,99.78445547,31644028,3.85570017,16492176,61.98300171,69.84343945,10.3179996,1496.297,167798,-5.4043575,38.412975
Canada,2004,1.827714,38.22739377,3.512467133,21.58139664,1.933549132,17.32455499,8455.547014,10.5,79.89268293,99.11849365,99.78482242,31940655,3.231967339,16944708,62.18399811,70.18054685,10.19599999,1656.579,145018,-6.418768333,37.6574
Canada,2005,1.879261,38.22242456,3.545798377,22.24852785,1.659035672,17.41190097,8422.034308,10.6,80.19268293,99.14312709,99.74615379,32243753,0.785746248,17361674,62.1590004,69.70984342,10.2580003,1526.819,154587,-5.909005,38.31948333
Canada,2006,1.962554,38.21639691,3.581804386,22.08874861,1.498451622,17.56133592,8239.946371,10.9,80.34390244,99.16785901,99.70758213,32571174,0.140922422,17583893,62.36500168,67.98118492,10.09699956,1503.185,171629,-7.077128333,37.859675
Canada,2007,2.0009,38.2103727,3.616757996,22.12619174,1.407025723,17.38715721,8213.389543,11.2,80.54390244,99.19349649,99.66951228,32889025,2.184559416,17734768,62.99700165,66.19204439,10.44299999,1429.845,152486,-5.349289167,41.74080833
Canada,2008,2.002689,38.20434505,3.656136959,22.52531404,1.597654579,16.89745662,8194.880771,11.3,80.69512195,99.21898467,99.63149312,33247118,4.888360937,17912036,63.08100128,66.92423059,10.48500007,1388.665,155549,-4.633815,38.14445833
Canada,2009,2.061789,38.19832084,3.698120418,22.70125736,1.375939874,15.82542959,7797.121136,11.3,80.99512195,99.24431636,99.59352018,33628895,8.220132909,18274723,61.18399811,58.3482469,11.01499972,1346.938,155928,-6.174463333,39.452025
Canada,2010,2.069799,38.19229318,3.739467928,22.08098938,1.33166399,15.5055134,7788.560786,11.1,81.24634146,99.26949893,99.55559382,34004889,4.526210919,18573598,61.2140007,60.06072927,10.81400036,1957.328536,162341,-6.482341667,39.95335
Canada,2011,1.977883,38.18716934,3.776245696,21.96541861,1.605663978,15.22379395,7911.554588,11,81.44878049,99.29436216,99.51760505,34339328,1.526554641,18709052,61.38700104,62.32862239,10.62700014,1980,169706,-6.266198333,38.48349167
Canada,2012,1.927136,38.18204549,3.817472241,22.61025847,1.811345744,14.91382201,7733.411655,11,81.64878049,99.31808323,99.47897136,34714222,1.841558834,18913515,61.37900162,62.39713673,10.66600008,1960,184910,-4.186646667,39.92811667
Canada,2013,1.886833,38.17691821,3.85802116,22.37967975,1.894231512,14.7988829,7743.725742,10.8,81.74878049,99.34176479,99.44034183,35082954,2.142292214,19059145,61.49000168,61.97339492,10.72699971,1946.305597,168015,-5.709931667,38.33970833
Canada,2014,1.836426,38.17179436,3.897002917,22.02465154,1.586548077,15.25547233,7897.855615,10.8,81.8,99.36540868,99.40172004,35437435,2.706688355,19264216,61.15999985,64.05762293,10.69999959,2084.318163,139732,-5.398873333,37.82644167
Canada,2015,1.886581,38.16667052,3.926196595,22.02535921,1.869835946,15.38895031,7631.34157,10.7,81.9,99.38903384,99.36312098,35702908,3.638694094,19504718,61.01499939,65.52773532,10.65200031,2074.830881,187374,-6.46496,37.15664167
Canada,2016,1.989901,38.16154667,3.970907493,..,1.862225893,15.09005647,..,10.6,81.9,99.41262381,99.32453042,36109487,3.562559004,19601132,..,..,..,2246.227096,200765,-6.220375833,38.9816
Canada,2017,1.92428,..,4.018615584,..,..,..,..,10.3,81.94878049,99.43624408,99.28601285,36543321,3.952376512,19733477,..,..,..,2840.985135,..,-5.953935833,36.494175
Canada,2018,1.828014,..,4.075188239,..,..,..,..,10.1,81.94878049,..,..,37057765,2.253728885,19926490,..,..,..,3434.073,..,-4.965330833,38.86465
Guatemala,2000,-0.7540193,39.26838373,108.1537981,62.74294001,22.82114793,0.855545511,607.4955299,35.341,67.849,85.75376957,63.2999115,11589761,3.468847298,3860937,61.46099854,49.1455879,61.73800087,..,3963,24.02528333,238.9274667
Guatemala,2001,..,38.76446435,110.783548,61.39476289,13.94663989,0.875392419,605.5050029,34.716,68.304,86.28421119,63.49275744,11871565,0.843959607,3973923,61.6629982,69.54454922,61.62899971,..,5100,23.22371667,230.5649833
Guatemala,2002,-0.6454131,38.26054498,113.3586973,60.5350622,13.9437155,0.896259055,596.5398034,34.006,68.717,86.81067716,63.67484786,12147518,-4.088377139,4087333,60.66799927,66.03186001,61.48899841,..,7978,23.568825,211.9188333
Guatemala,2003,-0.7666503,37.75662561,115.8579134,59.0106107,13.25952143,0.855364181,606.7471081,33.212,69.092,87.32949336,63.83824605,12415334,-5.007241111,4214943,60.62900162,65.95964992,44.28999996,..,6346,23.96025,219.9373583
Guatemala,2004,-0.6092742,37.25270623,118.3474057,57.55293029,12.86188713,0.896935588,611.736235,32.35,69.437,87.84231927,63.9862177,12682108,-4.894897979,4344954,60.9620018,69.07811716,44.50299931,..,4908,24.08745833,210.272825
Guatemala,2005,-0.6665171,36.74878686,120.8313923,57.32634596,12.39202074,0.952129748,602.3859363,31.454,69.762,88.35130742,64.12346378,12948292,0.08891723,4476913,63.27899933,66.04865508,44.39200115,..,9008,24.18301667,182.205
Guatemala,2006,-0.8057335,36.34565182,123.3046846,57.90344424,11.2646783,0.938859546,599.5329716,30.562,70.082,88.85661541,64.25043268,13213330,1.341107025,4619227,65.46600342,66.81818653,44.75,..,16293,24.19294167,202.6071833
Guatemala,2007,-0.7421762,35.94251678,125.7653695,57.03256138,11.45160088,0.919945935,631.5676533,29.716,70.409,89.35838108,64.36756188,13477017,1.984464055,4906124,64.06800079,67.89849736,43.94900036,..,16400,24.17628333,242.4156125
Guatemala,2008,-0.6476532,35.53937945,128.2129433,60.784779,11.15047552,0.811905615,593.720684,28.946,70.75,89.85659893,64.47496618,13739299,2.101467896,5198807,62.9070015,64.12524377,43.5539999,..,18727,24.04225,247.17875
Guatemala,2009,-0.5268559,35.13624441,130.6475364,58.30268259,11.6577966,0.828992678,668.796352,28.269,71.108,90.35091729,64.57185328,14000190,2.518679984,5289678,61.74300003,57.10597923,43.09200001,..,16623,23.941325,209.7604833
Guatemala,2010,-0.5322092,34.73310937,133.0691209,66.58523597,11.05435949,0.799505838,714.9102221,27.688,71.481,90.84182026,64.6595688,14259687,1.919184293,5383364,60.36600113,62.1148985,43.24300003,4.090865359,22792.23,23.94316667,229.9645167
Guatemala,2011,-0.527978,34.3934313,135.512458,66.41722638,11.07477725,0.795696386,750.609079,27.197,71.861,91.32897181,64.73732972,14521515,1.845690377,5475328,59.1609993,63.98391427,40.66900063,4.186798666,21468,24.265775,194.3765583
Guatemala,2012,-0.6587613,34.05375094,137.9427212,66.2193653,10.55367886,0.80400444,749.0445437,26.766,72.236,91.81259913,64.80586188,14781942,2.045541684,5563096,64.50800323,60.98251179,44.31400013,3.712225445,17743,23.82813333,257.9785583
Guatemala,2013,-0.6226556,33.71407287,140.3880272,64.97796498,10.35622137,0.858738189,800.6522343,26.369,72.596,92.29375042,64.86852353,15043981,2.391486587,5656806,59.26399994,58.54851252,40.65500069,0,17047,24.06274167,246.2532333
Guatemala,2014,-0.7359639,33.37439252,142.8360956,59.90100231,10.07448352,0.911580226,863.5689345,25.992,72.935,92.77225563,64.9253695,15306316,2.507793565,6282035,60.05899811,56.71791511,37.63199997,0.09123,20761.5,24.161325,195.5110583
Guatemala,2015,-0.7331991,33.03471445,145.272667,63.65099179,9.967003032,1.017131099,..,25.627,73.25,93.2481165,64.97704481,15567419,2.512748931,5977798,59.81000137,51.30626369,36.84799957,0.45552,22049,24.056725,287.0821333
Guatemala,2016,-0.7398213,32.69503637,147.7014744,..,9.661395473,1.059947788,..,25.267,73.541,93.72089205,65.02274536,15827690,1.985216051,6218528,..,..,..,0.63203,26268,24.0968,218.5835083
Guatemala,2017,-0.7398767,..,150.1252146,..,9.681220942,..,..,24.912,73.81,94.19058074,65.06313508,16087418,1.843449419,6370690,..,..,..,0.546373,..,24.54255833,196.7350417
Guatemala,2018,-0.8205505,..,152.5471258,..,9.444741296,..,..,24.561,74.063,..,..,16346950,1.710511953,6613095,..,..,..,0.107366,..,24.60235833,207.3608333
Hungary,2000,0.787683,21.39031466,113.9362977,5.166111848,4.934459878,5.467296695,2448.140338,9.6,71.24634146,99.96383274,98.04372901,10210971,8.742587027,3305791,45.77700043,136.9903717,10.17999995,50.852,12886,10.501335,58.1150625
Hungary,2001,..,21.53760267,113.6752511,5.121124405,4.914388877,5.592875675,2512.67485,9.5,72.24878049,99.96392973,98.04295497,10187576,14.82663356,3350430,45.98400116,130.6978978,9.167000353,32.294,13056,10.65471417,61.58055833
Hungary,2002,0.5838848,21.68489204,113.3520196,5.166033218,4.260795043,5.518941473,2520.152466,9.5,72.34878049,99.96508259,98.0396063,10158608,41.065121,3392866,46.03300095,117.951385,8.552000165,25.151,11574,11.69206417,37.92741667
Hungary,2003,0.6809823,21.83218004,113.0278063,5.009128394,3.901099473,5.82981044,2580.207496,9.3,72.3,99.96549045,98.03627978,10129552,18.47173606,3440151,46.74300003,116.4283843,8.211000025,28.37,11870,10.57731583,50.99019167
Hungary,2004,0.6933732,21.97946941,112.7777951,4.628674222,4.359140669,5.684910755,2579.291721,9.4,72.64878049,99.96590208,98.03296605,10107146,4.056439138,3496693,46.48300171,122.9828493,8.603999555,23.996,12744,11.4092675,50.63675167
Hungary,2005,0.6543485,22.12922665,112.5662872,4.664768951,3.728969153,5.751848927,2731.039703,9.7,72.64878049,99.96637564,98.02914726,10087065,11.50504198,3489685,46.54100037,127.3536783,7.840000004,21.429,13661,10.55658083,39.51338167
Hungary,2006,0.6587242,22.26983568,112.3911394,5.364128636,3.53984379,5.697822938,2713.257084,9.9,73.09756098,99.96690286,98.02482431,10071370,13.12493728,3532460,46.77199936,149.0528264,7.278999984,20,14686,10.36138333,57.655175
Hungary,2007,0.6228059,22.41044472,112.2171633,6.140332595,3.492055229,5.566989532,2658.036373,9.7,73.15121951,99.96743572,98.02054346,10055780,22.56050489,3553267,46.62599945,155.2000852,7.240000218,27.161,15864,9.9632525,59.91678167
Hungary,2008,0.471792,22.55105511,112.0208459,6.755189413,3.457101744,5.458021607,2636.646773,9.9,73.70243902,99.96795722,98.01628804,10038188,23.20071329,3596080,46.09600067,158.2079627,7.095000178,11.755,15687,10.627205,50.43423333
Hungary,2009,0.4338323,22.4610629,110.7108141,8.399154789,3.063666611,4.840111448,2478.1017,9.6,73.90487805,99.96847853,98.01207816,10022650,29.35811583,3651714,44.9679985,144.7813901,7.298000127,9.804,14825,11.79110667,54.03330583
Hungary,2010,0.3656501,22.60024301,110.4608748,13.45602883,3.058226641,5.022311649,2568.948991,9,74.20731707,99.96892892,98.00840118,10000023,30.57063384,3664393,44.86000061,158.3526979,6.909999847,5.608955707,14245,11.63786833,52.12674833
Hungary,2011,0.3995961,22.65105598,110.1483155,14.74299174,4.018813578,4.872551164,2500.321359,8.8,74.85853659,99.96938016,98.00476165,9971727,25.3569802,3682695,45.15499878,167.3880437,6.882999927,5.85295,15584,11.4544525,54.0621
Hungary,2012,0.3563344,22.70186625,109.5809345,16.46520462,3.911147178,4.556968385,2365.553697,9.1,75.06341463,99.96969702,98.0021496,9920362,36.17476202,3656647,45.90100098,166.1258562,6.49300006,0.467678757,15133,10.47654,74.85009167
Hungary,2013,0.3216026,22.75267921,109.2795979,17.19638871,3.925048416,4.276339668,2271.947205,9,75.56585366,99.96997877,97.99991386,9893082,38.68402954,3722477,46.75600052,164.3435331,6.075999975,0,14918,11.0044375,36.71211333
Hungary,2014,0.1645602,22.80348948,108.985618,15.67454982,3.949344789,4.190127409,2314.496434,9.5,75.76341463,99.97024956,97.99767661,9866468,28.51437199,3815201,49.49200058,168.9238304,5.872999877,..,15326,11.4140275,44.23852833
Hungary,2015,0.1486354,22.85430244,108.7266983,15.55936205,3.809174153,4.512673437,2432.751791,9.4,75.56829268,99.97052678,97.99545475,9843028,27.87752022,3880572,51.08100128,171.5658702,5.779000133,..,17337,11.30361833,52.42360667
Hungary,2016,0.0972435,22.90511541,108.4063073,..,3.923211758,4.639973434,..,9.7,76.06341463,99.97080746,97.99318159,9814023,44.55079338,3905376,..,..,..,..,16247.97,12.16136083,63.0632
Hungary,2017,0.0892915,..,108.1184801,..,3.798119238,..,..,9.7,75.81707317,99.99999749,97.99087339,9787966,58.51874996,3939418,..,..,..,..,..,11.88976167,48.71182583
Hungary,2018,0.0533697,..,107.9814868,..,3.553661173,..,..,9.6,76.06585366,..,..,9775564,41.52913594,3949386,..,..,..,..,..,11.34245833,63.07420917
Hong Kong,2000,-0.2182887,18.85346743,134.492481,29.73071484,14.67624166,2.696862433,898.9873131,8.1,80.87804878,98.70575944,96.8005102,6665000,6.854560089,4066044,58.22499847,247.6540204,5.676999986,5111.511,4988,11.31266667,67.686725
Hong Kong,2001,..,19.19525698,135.4730462,28.45581538,13.98346135,2.742120813,928.8114337,7.2,81.42439024,98.79714662,96.8005102,6714300,6.726955203,4139284,58.09600067,240.8489776,6.863000214,5066.022,5627,11.72035,82.339075
Hong Kong,2002,-0.5182464,19.53703617,136.3837807,27.09820152,13.30148771,3.007083197,984.8107146,7.1,81.42682927,98.8885338,96.8005102,6744100,5.80781299,4160580,57.08100128,255.9964574,7.848999918,5714.644,4302,11.88856833,79.69065
Hong Kong,2003,-0.359454,19.87881579,137.2359222,23.94657959,12.34899897,3.524074093,1118.431773,6.9,81.37804878,98.97992098,96.8005102,6730800,7.541286488,4147331,56.39899826,292.4546559,7.701000154,5780.75,4857,11.41718583,74.825625
Hong Kong,2004,-0.5596942,20.22059245,138.0534367,20.24947926,12.91664817,4.037990651,1268.132904,7.2,81.82926829,99.07130817,96.7744898,6783500,5.380383727,4150157,57.01499939,326.8410546,7.740999877,6931.629,4615,11.867035,78.316775
Hong Kong,2005,-0.6087338,20.56237213,138.867765,18.20381865,11.6414956,4.523178064,1393.691324,8.4,81.62926829,99.16269535,96.74846939,6813200,4.872571389,4221391,57.49399948,342.6892095,7.725000143,7763.873,4130,11.8987675,59.794075
Hong Kong,2006,-0.5145814,20.72356302,139.6453451,17.09461008,10.62576053,4.980314197,1515.173678,9.6,82.37560976,99.25408253,96.72244898,6857100,4.360764311,4202060,57.89899826,359.2086612,7.803000033,8325.969,4125,11.3837125,65.6523
Hong Kong,2007,-0.5896475,20.88475227,140.3765907,15.34937114,10.246164,5.082123622,1630.171029,10.2,82.32682927,99.34546971,96.69642857,6916300,7.524515088,4273343,58.39799881,362.1494636,7.198999941,10028.957,4514,11.3507875,56.16666667
Hong Kong,2008,-0.5202951,21.0459418,141.0977078,14.60199657,10.16903653,5.701915025,1672.90412,11.3,82.37560976,99.43685689,96.67040816,6957800,16.20077863,4304574,58.20899963,376.6568062,7.437000155,8985.895,4754,11.91550917,68.37119167
Hong Kong,2009,-0.5149382,21.20712991,141.8012404,13.91196227,9.636182036,5.677170257,1778.433519,11.8,82.77560976,99.52824407,96.64438776,6972800,50.50475212,4287279,57.06399918,348.3975543,7.426999837,13293.176,4819,11.64328417,69.71705833
Hong Kong,2010,-0.5616429,21.36831943,142.4877396,12.88431031,9.325163854,6.560520007,1954.722556,12.6,82.97804878,99.61963126,96.61836735,7024200,47.47705642,4258902,56.56600189,404.7705609,6.441999972,10373.43477,4338,11.33715917,77.79785833
Hong Kong,2011,-0.5071135,21.53258961,143.1721085,11.69579699,9.177661525,7.241515419,2086.486904,13.5,83.42195122,99.71101844,96.59234694,7071600,-2.272043822,4258580,57.54499817,421.8547066,6.678000003,10053.89845,3438,11.695545,66.50951667
Hong Kong,2012,-0.4357008,21.69685979,143.8713898,11.96856703,9.113706413,7.424750916,2155.164788,12.8,83.4804878,99.80240562,96.56632653,7150100,-15.98921955,4299649,58.2159996,430.5685304,6.959999889,9468.41801,4093,10.62523833,69.48429167
Hong Kong,2013,-0.3583522,21.86112996,144.583453,11.8381669,8.942898986,7.557211045,2213.759327,8,83.83170732,99.8937928,96.54030612,7178900,7.462726101,4315998,58.77000046,442.6200191,6.912000149,9396.48053,3764,12.32324083,59.784
Hong Kong,2014,-0.3400691,22.02539848,145.3173521,12.22382301,8.643488106,7.543907641,2236.729908,8.6,83.9804878,99.98517998,96.51428571,7229500,8.305308382,4368797,58.74599838,425.9758717,6.208999962,10826.12281,3897,11.5415175,72.03486667
Hong Kong,2015,-0.2821073,22.18966865,146.0576422,12.41335257,8.387009112,7.398524566,..,8.2,84.27804878,100,96.48826531,7291300,-2.789708086,4401133,58.82099915,389.4059493,6.024000138,11294.27249,3894,11.084975,78.36311667
Hong Kong,2016,-0.2540594,22.35394181,146.8506776,..,8.057287622,7.175809897,..,8.3,84.22682927,100,96.4622449,7336600,9.196772796,4525623,..,..,..,11409.11876,4258,12.50074417,76.77444167
Hong Kong,2017,-0.2699407,..,147.6740508,..,7.463560166,..,..,7.7,84.6804878,100,96.43622449,7391700,-4.003136315,4616126,..,..,..,12415.19932,..,12.16435167,58.44833333
Hong Kong,2018,-0.2712651,..,148.3488333,..,7.043025251,..,..,7.2,84.93414634,..,..,7451000,55.48993078,4686095,..,..,..,12676.72175,..,11.76504917,67.98076667
India,2000,-0.3455512,21.99321268,355.3676519,51.57934762,21.60895747,0.976601686,417.2875886,26.401,62.505,79.02380481,16.36921695,1056575549,0.633739715,390041620,56.45600128,27.19234549,83.84200287,547.652,1942531,24.68058333,93.98181417
India,2001,..,22.14920569,361.5645435,51.78721923,21.62050461,0.968514319,416.0144443,25.944,62.907,79.53629367,18.78093891,1075000085,0.479034915,397713183,56.74100113,26.2748446,87.43300056,515.37,2120634,24.58385,83.4337925
India,2002,-0.5158787,22.30520134,367.7253014,50.56944266,19.5366997,0.964275366,421.2704901,25.489,63.304,80.36022197,21.26774533,1093317189,0.77555818,405521019,56.97600174,29.82833107,87.44800377,546.34,2189445,24.47526667,81.14236
India,2003,-0.4165717,22.46119435,373.8486757,50.84279906,19.58060679,0.989271008,424.2943456,25.034,63.699,81.18413043,23.7636396,1111523144,1.070660341,417003387,57.35800171,30.92374364,87.05799675,579.85,2316947,24.631975,79.5375775
India,2004,-0.4111507,22.61719,379.936518,49.72402461,17.81469065,1.021862866,439.7030084,24.571,64.095,82.00807745,26.26874233,1129623456,1.025248066,428862880,57.64099884,37.91026504,86.29999924,708.475,2804362,24.8639,71.8668525
India,2005,-0.3607849,22.77318301,385.9860712,48.57530875,17.62020695,1.06531244,449.7658559,24.087,64.5,82.83166658,28.78196712,1147609927,0.614080764,441049645,57.95299911,42.48530654,85.59100151,774.04,2973126,24.61579167,84.31582917
India,2006,-0.276444,22.91316839,391.9985911,47.44372171,16.80944209,1.118603899,466.1382611,23.564,64.918,83.65495231,31.30344044,1165486291,0.775952192,453489620,56.97900009,46.59202866,84.64100266,842.55,3182817,24.702525,80.83398
India,2007,-0.3981131,23.05315114,397.9595895,45.86780352,16.75011976,1.189651807,485.0996282,22.996,65.35,84.47796113,33.83322851,1183209472,0.898676912,466155121,56.04199982,46.15866756,83.65099907,967.684,3114762,24.45720833,84.422875
India,2008,-0.3371764,23.19313652,403.8321685,43.63288301,16.79094236,1.306253903,501.5596349,22.39,65.794,85.3005866,36.37100374,1200669765,2.176329406,467165824,54.99700165,53.76337261,83.53000069,1233.937,3855763,24.7916,93.86046417
India,2009,-0.4519712,23.33311927,409.5689192,40.77082759,16.74427016,1.427780473,544.6265982,21.755,66.244,86.12248067,38.91578478,1217726215,2.100365807,468125060,54.21500015,46.77702612,83.08299828,1235.158,3798842,24.725025,90.93361917
India,2010,-0.4681174,23.47310465,415.1369976,39.48150873,17.02650901,1.393273291,561.6534027,21.114,66.693,86.94367018,41.46763187,1234281170,3.656950691,469002609,53.36100006,49.68889126,82.16700363,1630.964142,3790021,24.51489167,90.1776425
India,2011,-0.5362822,23.53310701,420.5209654,38.93174021,17.19197043,1.468910262,577.9940611,20.495,67.13,87.76416056,44.0265428,1250288729,2.687536065,469829385,52.70999908,55.62388001,79.46000004,1702.702702,3677584,25.239425,78.05367917
India,2012,-0.5132375,23.59310938,425.7322236,38.39089015,16.84537707,1.590942831,599.1544142,19.923,67.545,88.58461017,46.59461553,1265782790,1.653785022,470610752,52.00999832,55.79372173,79.22800064,1579.229879,4213980,25.17335833,98.27754083
India,2013,-0.51744,23.65311437,430.7986133,37.84984118,17.14842354,1.585648401,605.7921412,19.416,67.931,89.4046165,49.17080091,1280846129,2.002065552,473683611,52.09700012,53.84413195,78.82399845,1733.76172,4555209,24.57970833,95.91693417
India,2014,-0.4280237,23.71311674,435.762324,36.65183786,16.79193451,1.723311783,636.5701556,18.984,68.286,90.22395259,51.75458629,1295604184,1.312934337,476800625,52.11999893,48.92218575,78.49299717,1851.32674,4893002,24.52586667,85.26950833
India,2015,-0.3520183,23.77311911,440.6554586,36.02122257,16.17450839,1.784333765,..,18.625,68.607,91.04228455,54.34514918,1310152403,1.516275965,485906723,52.06600189,41.94667991,78.03999805,1833.847614,5263002,24.38231667,100.8487117
India,2016,-0.2822576,23.83312147,445.4843414,..,16.36380044,1.817783386,..,18.332,68.897,91.85927535,56.94165514,1324509589,1.695658786,494963721,..,..,..,1893.8815,5703002,24.49206667,80.60858583
India,2017,-0.2398116,..,450.2432858,..,16.3578103,..,..,18.083,69.165,92.67464257,59.54344827,1338658835,2.093306912,503834632,..,..,..,2407.098107,..,24.61968333,87.51899833
India,2018,-0.1863026,..,454.9380726,..,15.40672606,..,..,17.857,69.416,..,..,1352617328,1.954884827,512765199,..,..,..,2703.964174,..,25.03953333,88.0315475
Indonesia,2000,-0.9190737,54.87450112,116.7571902,45.58150099,15.67870444,1.24539825,735.9134207,21.773,65.772,75.65299709,41.08750537,211513823,-0.252290448,93615736,63.42599869,71.43687592,61.64099884,408.542,993727,26.698725,255.3070833
Indonesia,2001,..,54.7031589,118.3655155,44.30833333,15.99491776,1.375325404,742.9706995,21.812,66.037,76.60563497,42.95878794,214427417,-1.332573541,96880468,63.61000061,69.79320753,60.96600151,408.372,1076749,26.07694167,258.66025
Indonesia,2002,-1.14404,54.53181667,119.9831047,44.63581086,16.31966897,1.411208735,760.1677157,21.86,66.321,77.54883476,44.83693915,217357793,-2.757439934,99018448,63.33200073,59.07946177,60.92000008,405.498,1137151,26.15225,260.12925
Indonesia,2003,-0.9697266,54.36047013,121.6124516,42.97783588,15.18534822,1.437941508,752.1128926,21.88,66.631,78.48229865,46.72087403,220309469,-1.855686193,100806703,63.44300079,53.61649375,62.69299889,424.362,1228559,26.25605,248.7259167
Indonesia,2004,-0.9321511,54.1891279,123.2553398,41.42415303,14.3357803,1.512122784,791.0908132,21.852,66.969,79.40639349,48.6105332,223285676,0.074151638,102495611,63.05599976,59.76129484,61.08699799,434.101,1468612,26.41910833,220.5956667
Indonesia,2005,-0.8781987,54.01778568,124.9134563,41.44568581,13.12661864,1.511302112,794.4100006,21.765,67.334,80.31999001,50.50353874,226289470,-0.25425632,104087207,62.32699966,63.98793587,58.93700027,439.773,2124093,26.25609167,252.6225
Indonesia,2006,-0.8384197,53.63966063,126.5853718,39.93704821,12.97380272,1.504981339,802.3545286,21.624,67.717,81.14354778,52.40017957,229318262,0.73824398,105609290,62.43700027,56.65712681,58.42300034,469.222,2479247,26.23704167,224.6184
Indonesia,2007,-0.6190162,53.26153557,128.272297,39.96935654,13.7166831,1.616120599,788.0726283,21.448,68.105,81.95578651,54.29914267,232374245,2.916114843,107099831,62.0890007,54.82924998,58.66500092,484.52,3137376,26.29611667,238.4356667
Indonesia,2008,-0.5937,52.88341052,129.9810452,40.15875348,14.48174026,1.769060263,793.1000329,21.251,68.485,82.75712363,56.20032331,235469762,1.347942646,109060869,62.63299942,58.56139963,59.36799812,394.583,3854944,26.11608333,220.2886667
Indonesia,2009,-0.8386456,52.50528547,131.7203106,38.97047862,15.29014815,1.870838684,845.9972119,21.034,68.853,83.54684193,58.10191273,238620563,1.603010572,110974767,63.5719986,45.51212137,58.33799744,276.918,4712847,26.13743333,253.56125
Indonesia,2010,-0.7513602,52.12716042,133.4942702,37.75342034,13.92921271,1.772951392,877.0756528,20.795,69.205,84.32185512,59.99872953,241834215,1.826329024,112784214,64.09999847,46.70127388,57.26000023,665.6636285,6277924,26.00529167,262.4419167
Indonesia,2011,-0.7018746,51.74936743,135.3059534,38.22547215,13.51228707,2.080522126,833.5620289,20.526,69.542,85.0689725,61.87155317,245116206,0.90391942,114924975,64.2480011,50.18001318,54.11199951,754.2979384,7937072,26.31815,243.3886667
Indonesia,2012,-0.6397874,51.37157445,137.1475643,38.23365734,13.37397424,2.131724694,853.2083446,20.225,69.866,85.80625301,63.74637929,248452413,2.025179138,116988944,64.53199768,49.5828983,51.25800133,880.340264,9599765,26.426075,298.3898333
Indonesia,2013,-0.6138193,50.99377715,138.9989909,38.10645359,13.35669916,1.648142071,863.8176284,19.893,70.179,86.53343441,65.62224477,251806402,2.302984285,118672947,64.42700195,48.63737268,50.08099937,768.23502,13300000,26.166425,255.9446667
Indonesia,2014,-0.5617662,50.61598417,140.8330917,37.45426835,13.336755,1.450032294,883.9182941,19.537,70.481,87.25105823,67.49929746,255129004,2.309780327,120202270,64.39199829,48.08017559,49.64900112,902.1164864,14400000,26.33335833,253.41325
Indonesia,2015,-0.4583673,50.23819118,142.6294628,36.8793481,13.49264356,1.984452414,..,19.165,70.768,87.95873345,69.37641292,258383256,2.551356334,121651092,62.84999847,41.93764024,47.32899952,758.7051634,15600000,26.42721667,255.3576667
Indonesia,2016,-0.3993267,49.8603982,144.3798617,..,13.47874855,2.153758127,..,18.79,71.035,88.65653398,71.25313269,261554226,2.819972605,123063758,..,..,..,974.556289,16600000,26.37901667,219.8610833
Indonesia,2017,-0.2527128,..,146.0864808,..,13.15663085,..,..,18.422,71.282,89.34401223,73.12838737,264645886,2.297616387,122582281,..,..,..,1052.36048,..,26.49481667,204.5532833
Indonesia,2018,-0.251563,..,147.7521901,..,12.81010713,..,..,18.072,71.509,..,..,267663435,0.487174266,125383553,..,..,..,1131.913455,..,26.77583333,261.5266667
Iraq,2000,-1.500579,1.870270023,53.72472963,0.363571952,4.634745507,3.083093518,1104.932741,35.821,69.082,80.90583144,70.99596048,23497585,..,5298707,37.97100067,125.3365956,38.7699995,..,1745,22.91602333,12.94895083
Iraq,2001,..,1.87347103,55.34942954,0.352055214,6.930957055,3.525341062,1199.022355,35.47,68.983,81.47542102,71.46863807,24208180,..,5459752,37.82300186,126.780256,38.41999912,..,2000,22.92883333,11.37451833
Iraq,2002,-1.408224,1.876671897,57.00418181,0.323986058,8.562671712,3.499928425,1107.08185,35.104,68.827,82.42469676,71.94009226,24931919,..,5623195,37.68600082,119.7620477,38.52900028,..,2000,22.35520583,13.2744875
Iraq,2003,-1.213627,1.879872904,58.63342022,0.358040206,8.405608293,3.553105717,988.9973674,34.742,68.636,83.37233899,72.41032846,25644499,..,5773410,37.95500183,154.2345253,45.42700005,..,2000,22.86380833,14.07382
Iraq,2004,-1.484774,1.883073772,60.16379267,0.360068906,6.938561306,4.33551491,991.9177507,34.396,68.437,84.318336,72.87933965,26313838,..,5928840,37.8030014,120.2339771,41.86700058,..,13947,22.2373875,16.63038583
Iraq,2005,-1.374017,1.886274779,61.55493975,2.303329117,6.886862735,4.216692239,981.7259561,34.092,68.266,85.26269231,74.44591395,26922284,..,6086450,38.9659996,115.7425403,38.89699936,..,17941,22.31630833,16.83135083
Iraq,2006,-1.448431,1.886274779,62.757217,2.554006468,5.826032905,3.59844793,908.5752454,33.854,68.157,86.20511613,76.0227444,27448124,0.819047736,6241978,40.36800003,89.65052049,38.70000076,..,14867,22.22899333,15.88435333
Iraq,2007,-1.460477,1.886274779,63.81610078,2.032616968,4.929498276,2.22690329,909.1752902,33.681,68.13,87.14620248,77.61012752,27911248,1.03153064,6673745,41.62599945,74.09285302,38.33099937,..,15810,22.22970833,13.91772167
Iraq,2008,-1.46225,1.886274779,64.90099001,1.185129437,3.847780195,3.281546097,968.3506997,33.558,68.19,88.08563771,79.20784996,28385746,0.587961734,7101683,42.96099854,81.05554371,38.36400032,..,19246,22.351705,17.8616725
Iraq,2009,-1.326994,1.89952109,66.70925124,1.237633917,5.229933191,3.608379714,1137.034404,33.464,68.34,89.02319828,80.81573419,28973162,1.09387601,7524199,42.98300171,78.68737882,37.6609993,..,18732,22.251595,12.63210583
Iraq,2010,-1.25881,1.89952109,68.47940689,1.709637055,5.162283547,3.772295829,1261.220505,33.349,68.567,89.97400759,82.44368567,29741976,1.409960014,7953549,42.93899918,73.49747962,37.5170002,11.71864455,20320,22.4118425,9.016104167
Iraq,2011,-1.170654,1.89952109,70.74346104,1.074336558,4.563773437,4.453347502,1335.738398,33.152,68.848,90.92862164,84.08648568,30725300,1.431387929,8179143,42.86500168,72.17132822,37.22199917,14.52137319,16290,22.3295375,13.171515
Iraq,2012,-1.217341,1.89952109,73.42514966,1.26387438,4.124271438,4.843106075,1438.175609,32.834,69.148,91.87715422,85.73774822,31890011,1.00796494,8402958,42.55599976,73.5489783,36.97200108,15.33562832,25040,23.85635833,11.35259333
Iraq,2013,-1.27774,1.90036115,76.37620564,1.368784009,4.768217341,4.994796612,1488.561769,32.378,69.437,92.81964656,87.39736476,33157050,1.120863398,8664860,42.45199966,75.6877193,36.26799965,10.619112,14060,21.8631,13.98966917
Iraq,2014,-1.333758,1.90036115,79.26683001,0.91210465,4.898,4.842168931,1437.900542,31.791,69.7,93.75628933,89.06535184,34411951,1.559625972,8894655,42.6590004,78.2873538,35.68699932,10.619112,26625,22.62077083,13.6849725
Iraq,2015,-1.368879,1.90036115,81.93956704,0.798830769,4.80629971,4.702368286,..,31.109,69.929,94.68707657,90.74158978,35572261,2.186846637,9217796,42.81900024,75.84282308,35.52999878,1.218202664,24803,22.14698917,15.454215
Iraq,2016,-1.386965,1.90036115,84.33142147,..,3.8,5.191404781,..,30.388,70.122,95.61297327,92.42690665,36610632,2.037857749,9619604,..,..,..,0.951966407,28835,22.76655083,12.89043
Iraq,2017,-1.372151,..,86.5016316,..,3.3,..,..,29.693,70.294,96.53347833,94.12102245,37552781,1.846078885,9983673,..,..,..,15.58785743,..,23.00519917,11.21196333
Iraq,2018,-1.399581,..,88.53057004,..,2,..,..,29.075,70.454,..,..,38433600,0.085369906,10234985,..,..,..,16.199317,..,22.93379167,16.40450333
Kuwait,2000,0.5906006,0.2721661,114.7656004,0,0.35521983,26.18923263,9151.98059,22.817,73.142,100,100,2045123,0.227676643,873726,66.71800232,86.62057131,2.294999897,243.091,376,26.53169167,8.588434167
Kuwait,2001,..,0.280022434,118.0292929,0,0.446728972,27.40553716,9497.433535,22.294,73.21,100,100,2103282,0.239924745,935265,66.5059967,86.84235118,2.274000082,226.332,195,26.63198333,13.311875
Kuwait,2002,1.014095,0.287878794,119.9212682,0,0.516824849,27.24771864,9612.83006,21.77,73.28,100,100,2136997,0.043222033,987617,66.44200134,81.22519327,2.255999885,254.302,195,26.06421667,8.173170833
Kuwait,2003,0.7991259,0.295735128,121.303367,0,0.454889537,27.72100585,10131.44688,21.365,73.355,100,100,2161626,-0.319615405,1018375,66.7460022,86.55638887,2.238000069,219.483,366,26.55141667,10.19024917
Kuwait,2004,0.7864687,0.303591462,123.4843996,0,0.404756604,28.8728348,10619.66233,21.103,73.439,100,100,2200492,0.009490495,1045140,66.85700226,89.29611235,2.195000086,226.93,375,26.274725,11.20610833
Kuwait,2005,0.5074719,0.311447822,127.3960718,0,0.301358018,31.51568145,11576.82722,20.962,73.538,100,100,2270198,-0.140178221,1073514,67.18099976,92.24346204,2.147999987,241.623,327,26.27966667,10.6825775
Kuwait,2006,0.4330326,0.319304156,133.2026936,0,0.23651572,31.07802552,10811.57759,20.878,73.66,100,100,2373672,0.039961181,1106829,67.46700287,89.71157109,2.118999943,239.207,568,26.07144167,13.20339583
Kuwait,2007,0.3705859,0.32716049,140.5173401,0,0.213317127,30.0460336,10489.03982,20.751,73.807,100,100,2504019,0.289492646,1154659,67.38999939,91.73137718,2.081999931,266.337,348,25.9174,12.88593083
Kuwait,2008,0.4201856,0.335016823,149.0465208,0,0.160021,31.14868474,10810.81051,20.509,73.976,100,100,2656009,0.119453288,1216232,67.52400208,92.68298839,2.047000084,279.74,291.215,26.207225,11.20783833
Kuwait,2009,0.3093611,0.342873184,158.3078002,0,0.262327765,30.94737447,11134.24245,20.129,74.162,100,100,2821045,0.097291192,1292607,68.25800323,88.86409869,2.02599996,281.215,272,26.197275,8.427208333
Kuwait,2010,0.3022288,0.350729517,167.894725,0,0.451341024,29.95609021,10721.48519,19.61,74.358,100,100,2991884,-0.004037938,1383946,68.73999786,97.02803281,1.998000033,335.0994453,310,26.24634167,4.430550833
Kuwait,2011,0.0862528,0.350729517,177.7811448,0,0.438823408,27.35382032,10221.17637,18.972,74.55,100,100,3168060,1.051547476,1493248,67.69599915,99.11647644,1.985000022,277.5440657,319,26.33595833,7.6640225
Kuwait,2012,-0.1904581,0.350729517,187.9266554,0,0.35979418,30.01509382,11105.97778,18.265,74.728,100,100,3348853,1.130339826,1611890,67.90100098,101.0114486,1.956000026,267.254,309,27.41465833,4.231159167
Kuwait,2013,-0.1883423,0.350729517,197.8886644,0,0.355117519,26.8891593,9906.517059,17.537,74.885,100,100,3526376,2.115899294,1729663,68.09300232,97.60670229,1.930000048,245.968996,303,25.95680833,6.938776667
Kuwait,2014,-0.2403229,0.350729517,207.1235129,0,0.450686941,23.94268372,9178.885547,16.807,75.019,100,100,3690941,1.650249066,1856503,68.50499725,100.0369451,1.909999995,267.877606,297,26.331975,8.647331667
Kuwait,2015,-0.2250967,0.350729517,215.2407969,0,0.537517441,24.24244895,..,16.086,75.13,100,100,3835591,0.823163206,1985038,68.91400146,98.69986337,1.896000031,216.335004,262,25.6676,6.2343975
Kuwait,2016,-0.2682074,0.350729517,222.0468575,..,0.518216223,24.95251303,..,15.369,75.224,100,100,3956875,0.298716374,2100763,..,..,..,223.005444,196.16,26.32895,7.74244
Kuwait,2017,-0.3315088,..,227.6149832,..,0.525259147,..,..,14.651,75.311,100,100,4056099,0.248454514,2194085,..,..,..,309.864884,..,26.80315,7.486699167
Kuwait,2018,-0.2894517,..,232.1723906,..,0.43931828,..,..,13.939,75.398,..,..,4137312,0.263295019,2229107,..,..,..,392.363053,..,26.85278333,9.997615833
Luxembourg,2000,2.04844,35.67901109,179.5473251,6.854022816,0.622883964,18.88551226,7676.837039,13.1,77.87317073,100.0000017,97.71136322,436300,..,176475,52.11600113,271.9509664,3.405000091,3523.142,..,9.6607525,86.67055833
Luxembourg,2001,..,35.67901109,181.6975309,3.433020512,0.595635322,19.93273314,7982.850348,12.4,77.82439024,100.0000017,97.70216902,441525,..,181748,51.86899948,271.3444488,2.827000082,3768.187,..,10.23000917,85.69049167
Luxembourg,2002,2.063325,35.67901109,183.6111111,1.312854047,0.72009596,21.1057455,8204.726845,12,77.96585366,100,97.69531097,446175,..,188742,52.45299911,258.8431483,2.805000126,4157.515,..,10.4413575,93.40814167
Luxembourg,2003,1.692841,35.67901109,185.8559671,1.271846994,0.503200155,21.93071098,8549.502912,11.7,77.72682927,99.99999829,97.68865987,451630,..,189068,51.23899841,254.1010524,6.415000051,4347.781,..,9.915734167,97.78311667
Luxembourg,2004,1.844499,35.67901109,188.5164609,1.362008875,0.554197548,24.5990264,9387.437104,11.9,79.12195122,100.0000017,97.68143382,458095,17.96712096,194924,51.33399963,281.2083939,5.382999867,4670.208,..,10.33067333,91.16778333
Luxembourg,2005,1.656579,35.67901109,191.4230453,1.891072557,0.355382298,24.82464668,9428.811286,11.5,79.43170732,100.0000008,97.67410787,465158,14.51790944,195020,52.3370018,297.7729742,5.22299996,5149.686,..,10.20347583,63.68936667
Luxembourg,2006,1.882664,35.67901109,194.500823,2.092270369,0.339953523,24.01285765,9170.532565,11.7,79.28780488,100.0000008,97.66694772,472637,14.93326034,201394,52.66400146,320.5982618,5.220999941,5270.266,..,9.696259167,75.32325
Luxembourg,2007,1.971466,35.67901109,197.5279835,3.635015081,0.408863949,22.95728271,8773.896703,11.4,79.38292683,100.0000032,97.65996694,479993,12.43666267,207425,52.72600174,332.5048493,4.292000026,5512.271,..,9.9701225,68.22818333
Luxembourg,2008,1.971972,35.67901109,201.090535,3.966352156,0.31223559,22.38547222,8612.233705,11.5,80.53902439,99.99999921,97.65312928,488650,75.96383407,213162,52.22299957,343.5618283,4.097999975,5357.932,..,10.312495,77.87298333
Luxembourg,2009,1.973333,35.67901109,204.8489712,3.737162366,0.253276965,20.87712517,7951.723944,11.3,80.63658537,99.99999769,97.64649452,497783,-58.32288048,215802,54.34500122,295.9728062,5.91599983,8369.219,..,10.4649775,88.7643225
Luxembourg,2010,2.046461,35.67901109,208.6226337,3.659683026,0.247223517,21.6351358,8329.478275,11.6,80.63170732,99.99999925,97.64000983,506953,12.74333532,220410,54.49700165,316.1614002,4.966999799,4573.109,..,9.932311667,83.126025
Luxembourg,2011,2.159844,35.67901109,213.3115226,3.733296015,0.252350037,21.01807669,8056.404301,10.9,80.98780488,100.0000022,97.63368525,518347,53.05599775,234318,54.06600189,323.4496073,5.920000136,4653.873,..,10.05273167,79.63444167
Luxembourg,2012,2.122712,35.67901109,218.4962963,4.147856832,0.359339088,19.95299522,7722.190204,11.3,81.39268293,99.98719904,97.62758837,530946,73.53262074,237903,55.03300095,341.8620222,5.726000011,4402.974,..,8.782548333,81.40714167
Luxembourg,2013,2.123356,35.67901109,223.6049383,5.723199451,0.27688434,18.49831971,7312.154005,11.3,81.8,99.96524526,97.62175506,543360,14.73745723,243419,54.87799835,349.2419391,6.191999793,5224.838626,..,10.61486917,66.61635417
Luxembourg,2014,2.073182,35.67901109,228.9378601,6.883231945,0.291163951,17.36871291,6861.106667,10.9,82.22926829,99.9446015,97.61613895,556319,252.3081073,255227,55.5719986,382.2914619,6.339999825,5753.111628,..,9.867218333,83.834775
Luxembourg,2015,2.096687,35.67901109,234.4049383,9.031313661,0.225689381,16.24258432,6548.405559,10.7,82.29268293,99.925172,97.61073912,569604,16.97650882,263259,55.40399933,410.1716371,6.20600003,6309.473324,..,9.352689167,79.95925833
Luxembourg,2016,2.096854,35.67901109,239.5119342,..,0.214049431,15.44261306,..,10.4,82.68536585,99.90687142,97.60554225,582014,-15.88223131,273796,..,..,..,6877.761503,..,11.1258175,77.15124167
Luxembourg,2017,1.98552,..,245.4057613,..,0.244584933,..,..,10.4,82.09512195,99.88960319,97.60054021,596336,27.68996365,282755,..,..,..,7321.11217,..,10.55887417,67.73508333
Luxembourg,2018,2.088052,..,250.1851852,..,0.227202327,..,..,10.3,82.29512195,..,..,607950,45.80719854,281982,..,..,..,7323.03958,..,10.19571833,79.330975
Mongolia,2000,-0.309789,7.542032493,1.543176961,5.713471108,27.42253062,3.131013866,999.6537942,19.307,62.869,61.81680678,47.95971008,2397418,1.680836311,898205,57.56900024,121.8866098,57.09499931,8.441,..,1.576045833,23.11773083
Mongolia,2001,..,7.489379358,1.557447411,6.074890009,22.96888751,3.258426641,997.9984196,19.009,63.319,63.36262471,48.62909688,2419588,2.874953005,918952,57.52099991,115.8183269,60.5,7.388,..,1.113065,17.72904917
Mongolia,2002,-0.0071526,7.436726223,1.572691753,6.500197962,18.91912528,3.391936466,1058.265334,18.969,63.777,64.89889336,49.28335335,2443271,4.723386674,943677,56.61100006,118.5172531,62.04700089,8.184,..,0.141174167,17.19536667
Mongolia,2003,-0.2017621,7.384072459,1.589099874,6.079986888,18.43951721,3.254423472,1022.937813,19.176,64.23,66.424357,49.92223883,2468762,3.391172717,967482,55.72800064,120.2993935,60.12899971,7.583,..,0.50167,16.29989333
Mongolia,2004,-0.3980201,7.331419324,1.606884189,5.744707055,20.02977653,3.425522685,1041.696193,19.606,64.671,67.93781317,50.76939955,2496391,5.57041863,992198,57.25,131.3293182,69.90999985,6.324,..,1.009723333,15.10056667
Mongolia,2005,-0.6109759,7.278766189,1.626215917,5.321772452,19.79796049,3.389155977,1185.681817,20.237,65.103,69.4359692,51.60056194,2526424,8.242977369,1016899,57.29999924,122.3814599,66.81999779,6.069,..,0.06237,21.70733917
Mongolia,2006,-0.5846398,7.501635105,1.647091841,4.461787267,17.64367084,3.671505548,1331.883857,21.041,65.538,70.92045984,52.41695723,2558856,4.663498213,1039167,57.22800064,112.9299831,63.5890007,6.34,..,1.259895833,14.56252417
Mongolia,2007,-0.6148518,7.724504022,1.669597569,4.68248358,18.42796539,4.651220979,1376.434371,21.958,65.985,72.38970168,53.2177249,2593820,7.434995704,1063952,54.75799942,117.8804264,61.99899864,5.364,..,-0.189255,16.31925083
Mongolia,2008,-0.661201,7.94737231,1.694107727,4.628963995,19.21512478,4.574174607,1361.67663,22.916,66.447,73.84320478,54.00271269,2631898,7.189689659,1086986,55.74399948,121.1980134,58.31599998,5.927,..,0.982481667,16.18728833
Mongolia,2009,-0.75866,8.170241227,1.721076753,4.36488739,17.86443807,4.900220884,1392.46113,23.843,66.916,75.27755863,54.76991951,2673796,8.801887026,1107969,55.65999985,107.8137572,58.96600151,2.562,..,2.183323333,15.7851075
Mongolia,2010,-0.7351942,8.393110144,1.750750534,4.348320566,11.7325632,5.081415981,1449.471597,24.665,67.38,76.69540825,55.52119526,2719896,15.02161543,1129526,55.15000153,103.3500317,56.30000019,3.900821,..,1.187134167,17.6339775
Mongolia,2011,-0.6920975,8.330492496,1.783234635,3.899355383,10.30735682,7.76058183,1557.017819,25.318,67.818,77.82366319,56.08603552,2770362,13.60448462,1151716,57.1780014,126.9992286,54.91599894,7.149498128,..,0.604938333,16.38871833
Mongolia,2012,-0.5350751,8.267874848,1.818210433,2.847908701,11.25802456,12.41720091,1689.615425,25.776,68.217,78.80201914,56.55464336,2824699,23.52633713,1169399,57.08800125,109.5885643,51.57500124,9.493611238,..,-0.369016667,18.90938333
Mongolia,2013,-0.479228,8.205257828,1.85496022,2.924524461,13.41406247,15.13860091,1825.009924,26.026,68.566,79.78898439,57.02669884,2881792,43.91211162,1207606,57.31900024,100.3119893,49.74700141,8.869308,..,-0.130606667,17.08730417
Mongolia,2014,-0.4737923,8.14264018,1.892497232,3.269842824,13.34122109,10.07889064,1828.103253,26.053,68.863,80.78406849,57.50190656,2940108,34.75598261,1212141,57.36800003,109.3223117,48.82000184,13.21171103,..,-0.7909425,20.02380833
Mongolia,2015,-0.4916258,8.080022532,1.930043899,3.42973729,13.35614513,7.765857501,..,25.849,69.111,81.78810426,57.98078314,2998439,16.37007552,1237902,57.40499878,90.28701288,49.47000015,7.843989,..,0.896825,21.96630417
Mongolia,2016,-0.487203,8.017404884,1.967326013,..,11.68937974,8.300172198,..,25.425,69.321,82.80057761,58.46301597,3056359,2.762588323,1262326,..,..,..,8.022033843,..,1.073250833,17.29100667
Mongolia,2017,-0.4517128,..,2.004286284,..,10.27895232,..,..,24.833,69.509,83.31311501,58.47939277,3113779,0.802747344,1279224,..,..,..,8.36736,..,1.604061667,15.814655
Mongolia,2018,-0.4278318,..,2.040608667,..,10.78556141,..,..,24.131,69.689,..,..,3170208,-37.16564818,1268790,..,..,..,7.819001,..,0.6717025,22.3744925
Nepal,2000,-0.666684,27.20613882,167.01158,88.28454556,38.24389704,0.128201199,338.6524267,31.547,62.288,79.98706607,15.12424843,23941110,0.247611787,11543782,84.22299957,55.710589,72.92300034,16.997,15023,12.6970525,125.7095292
Nepal,2001,..,26.83780922,169.843781,87.7565053,35.24767001,0.134196524,343.9661782,30.398,62.945,80.58892506,17.49453218,24347106,0.086418535,11794678,84.00900269,55.79986365,72.70199871,16.178,16570,12.98185667,128.2600142
Nepal,2002,-0.3575014,26.46947961,172.4843181,89.94329659,36.15029503,0.106188288,342.4562297,29.236,63.57,81.14635176,19.86867654,24725627,-0.008824258,12011409,83.73500061,46.2307185,82.44499969,5.477,17100,12.496005,122.8853392
Nepal,2003,-0.4582963,26.10115171,174.9624834,89.44287717,35.10587509,0.113310454,347.1560718,28.105,64.165,81.69851702,22.29927225,25080872,0.347091518,12231635,83.52999878,44.24788362,82.41799927,5.751,17680,12.79784667,114.2253125
Nepal,2004,-0.8709621,25.73282211,177.3236414,90.29701046,34.67635711,0.105021436,347.4699032,27.037,64.729,82.24531954,24.78597851,25419344,-0.098374869,12445975,83.26799774,46.14728672,82.36000061,6.73,20000,12.75257667,110.6995467
Nepal,2005,-0.7433895,25.3644925,179.5919079,89.51737693,33.82489668,0.119790518,354.701781,26.061,65.264,82.78663237,27.32844023,25744500,0.233443621,12652191,82.9489975,44.06294748,82.14099884,6.936,22480,12.65362583,112.2254708
Nepal,2006,-0.6936904,25.3644925,181.8395047,91.25326176,32.36648504,0.098333647,350.2931116,25.196,65.773,83.32234679,29.92629888,26066693,-0.005737557,12846163,82.62200165,44.76198776,81.95800018,7.212,25409,12.897765,108.2311358
Nepal,2007,-0.7883176,25.3644925,184.0431182,91.31227101,31.16441132,0.099102169,352.8104775,24.434,66.26,83.8524217,32.57933584,26382581,0.030156296,13027892,82.28399658,44.57927502,81.82400131,7.643,26679,12.70260583,84.47262167
Nepal,2008,-0.8086575,25.3644925,186.0242483,90.46893148,30.30571637,0.128299599,361.2641533,23.767,66.727,84.3766368,35.28700283,26666576,-0.073509433,13237636,81.91200256,46.03620635,81.50699997,7.233,27250,13.22796,97.77137333
Nepal,2009,-0.7025764,25.3644925,187.5377398,88.92708666,31.32265206,0.161228574,368.9500283,23.189,67.178,84.89488252,38.04891595,26883535,0.055606415,13426530,81.63700104,47.07944776,80.80699921,6.282,26730,12.96762917,99.51988167
Nepal,2010,-0.6924811,25.3644925,188.4423579,87.29244859,33.17937849,0.187197028,377.9855576,22.692,67.611,85.40703308,40.86467555,27013212,0.007932157,13604039,81.39700317,45.98490577,80.48300171,6.463516539,28230,12.70553167,111.2764075
Nepal,2011,-0.7789357,25.3644925,188.6392536,86.94551203,34.97915804,0.204630508,390.8243486,22.262,68.028,85.91303537,43.73400347,27041437,0.297715389,13865431,81.29599762,41.82825464,80.24399948,6.48656488,30950,13.3549525,86.2882425
Nepal,2012,-0.8130072,25.3644925,188.2794698,84.69734034,33.14800071,0.21697773,374.2975788,21.879,68.426,86.41293172,46.65691257,26989862,0.548294666,14152815,81.24299622,43.65820666,80.05500031,5.762374931,34500,13.39684917,101.10474
Nepal,2013,-0.686955,25.3644925,187.7775096,86.25309589,31.53460361,0.246574529,417.2873997,21.523,68.806,86.90636437,49.63253096,26917906,0.497114693,14545682,81.11799622,48.14600023,79.65599823,5.759868,36020,12.68440583,141.6316683
Nepal,2014,-0.5882424,25.3644925,187.7009138,84.37478906,30.2671484,0.298463303,434.4492938,21.18,69.168,87.3932624,52.66065537,26906926,0.488006469,14972888,81.52400208,52.25519568,79.1590004,4.5996,43400,12.62207333,111.4607992
Nepal,2015,-0.5780479,25.3644925,188.4550471,85.26395819,29.38294588,0.231435418,..,20.844,69.515,87.87332674,55.74051719,27015031,0.385264592,15417273,81.51999664,53.09526681,78.95600128,4.536371616,48000,12.42922583,114.4060675
Nepal,2016,-0.799911,25.3644925,190.1718242,..,29.14919832,0.333997918,..,20.515,69.848,88.34640596,58.8717272,27261131,0.151993774,15851443,..,..,..,4.895080058,49043,12.48656917,44.1323825
Nepal,2017,-0.7495784,..,192.7249669,..,27.08113829,..,..,20.196,70.169,88.81224952,62.05359545,27627124,0.242380484,16260015,..,..,..,4.566839902,..,12.47316,111.0686467
Nepal,2018,-0.6737257,..,195.9391071,..,25.76390403,..,..,19.887,70.478,..,..,28087871,0.501592181,16689835,..,..,..,4.655766324,..,13.25061667,115.356255
Norway,2000,2.191578,33.16413279,12.29580005,60.18813121,1.82301532,8.834015703,5826.077769,13.2,78.63414634,99.99999729,98.07193735,4490967,2.824150642,2377030,64.63700104,74.62175523,5.813999981,201.042,491329,1.029599167,94.25194167
Norway,2001,..,33.1526331,12.35818027,59.60640927,1.588691727,9.284992238,5954.041771,12.6,78.78536585,100.0000027,98.07086865,4513751,4.175309947,2382060,64.41100311,73.26639332,5.699000031,184.961,510748,1.65305,99.69753333
Norway,2002,2.170257,33.1411334,12.42500683,59.49311285,1.520730596,8.378534776,5501.117744,12.2,78.98780488,100,98.06980099,4538159,4.863573569,2405966,64.41899872,67.64702301,5.934000194,184.859,551300,2.388385,101.5197583
Norway,2003,2.067727,33.12963638,12.4980977,56.25686892,1.308039428,9.90643602,5933.215841,12.4,79.3902439,100.0000027,98.06875062,4564855,1.833423293,2417320,63.05799866,66.58368388,6.01000008,174.549,584422,1.07139,91.862425
Norway,2004,1.935271,33.11813668,12.57217147,56.87160659,1.386467903,9.287466436,5769.326707,12.4,79.84146341,100,98.06780299,4591910,1.541182276,2439352,62.92900085,69.04899659,5.948000163,176.585,636802,1.78166,80.944075
Norway,2005,2.010046,33.10663698,12.65808938,58.59180953,1.403426254,9.179216926,5802.71629,12.3,80.04146341,100,98.06697499,4623291,1.827032092,2409440,62.56399918,70.85078398,5.924999982,..,661877,1.950955,87.30151667
Norway,2006,2.133688,33.11211277,12.76044836,57.05969043,1.404447108,9.495835691,5833.773935,12.6,80.34390244,99.99999739,98.06614745,4660677,1.86054683,2422961,63.44800186,72.38867482,6.442000151,..,712373,2.0037275,90.40818333
Norway,2007,1.992581,33.11758856,12.8931706,57.39006553,1.239866172,9.57484966,5862.217261,12.4,80.39512195,100,98.065298,4709153,3.258192557,2431748,64.73200226,73.15767669,5.872000188,..,841560,2.118913333,95.76473333
Norway,2008,1.906427,33.12306436,13.05486799,58.49373253,1.128000951,11.67958325,6752.708982,12.7,80.59268293,100,98.06442199,4768212,3.438643796,2465923,65.69599915,74.84007058,5.725999862,..,848359,2.411405833,93.89044167
Norway,2009,1.994785,33.12854015,13.22054902,56.77092509,1.300319006,11.46182886,6484.118585,12.8,80.79512195,100.0000013,98.06355623,4828726,6.184783334,2522862,64.38999939,66.97985931,5.874000132,..,961839.8,2.087669167,97.87341667
Norway,2010,2.085211,33.13401594,13.38626291,56.42455578,1.568602331,10.10866816,6934.590199,12.6,80.99756098,100.0000025,98.06269646,4889252,4.448821205,2598720,63.38700104,68.1900916,5.565000162,..,1019802,2.207065833,92.13525833
Norway,2011,2.149326,33.13949173,13.56103923,56.52932897,1.344656733,8.5591427,5649.697724,12.2,81.29512195,99.99999877,98.06163379,4953088,2.233642336,2599179,63.11999893,69.5968352,5.193999887,..,1143893,1.7973325,86.60888333
Norway,2012,2.256409,33.14496752,13.74033034,58.27585039,1.127948792,8.866872117,5906.141048,12,81.45121951,99.99999878,98.06037681,5018573,5.041413472,2607926,63.25799942,68.1161139,5.174999878,..,1321119,-0.021654167,78.205875
Norway,2013,2.294475,33.16142708,13.91208686,57.72594953,1.31530621,9.495202892,6415.990714,11.6,81.75121951,99.9999976,98.05913963,5079623,2.064088146,2626888,62.77700043,67.49320046,5.153999865,..,1247865,2.567151667,98.85348333
Norway,2014,2.226566,33.16690469,14.06986657,57.19640195,1.442842524,9.328763622,5595.654625,11.5,82.1,100,98.057924,5137232,5.371284448,2671604,62.4659996,68.5661486,5.318999767,..,1332497,1.175961667,93.82839167
Norway,2015,2.242804,33.1723823,14.21057257,57.7720016,1.537557599,9.09928715,5817.636603,11.3,82.30487805,100,98.05672699,5188607,-0.047696792,2699135,62.09999847,69.80965429,5.325999931,..,1380890,1.947675,87.707775
Norway,2016,2.196583,33.1778599,14.3363165,..,2.092314505,7.836962479,..,11.3,82.40731707,99.99999652,98.05554158,5234519,0.656829684,2723816,..,..,..,..,1326216,2.850131667,83.6794
Norway,2017,2.236803,..,14.45257595,..,1.97646282,..,..,10.7,82.6097561,100.0000046,98.0543915,5276968,1.76462454,2762984,..,..,..,..,..,2.516758333,102.1913333
Norway,2018,2.090204,..,14.54829163,..,1.883223917,..,..,10.4,82.75853659,..,..,5311916,-5.023807928,2768877,..,..,..,..,..,2.264043333,86.112425
Peru,2000,-0.3930036,59.48984375,20.67183125,32.1550549,8.069374917,1.145004464,461.8931922,23.328,71.111,80.67446038,64.20269115,26459944,0.813610046,38654373,47.35499954,28.12960732,63.62499809,340.309,12485,20.49164167,122.9120333
Peru,2001,..,59.39312744,20.93694141,34.84129062,7.893626696,1.013651521,440.1259959,22.935,71.505,81.39323897,64.9375954,26799285,0.844795025,40043321,46.83499908,30.37153377,63.62200165,371.228,57632,19.364125,145.175625
Peru,2002,-0.2731197,59.29640503,21.17263125,34.16585147,7.523963236,1.003179591,438.1142032,22.65,71.882,82.10076413,65.65721049,27100968,0.416484258,41617691,46.74599838,30.53762992,59.29599953,346.88,66970,19.5487,139.44995
Peru,2003,-0.0764168,59.19968872,21.38455156,34.8173472,7.312919344,0.963765168,425.1701341,22.453,72.24,82.79753882,66.36214252,27372226,0.522751161,42713694,46.93600082,32.84449575,59.32500076,346.607,73047,19.37998333,139.1631167
Peru,2004,-0.321763,59.10296631,21.58141641,32.60697896,6.934433062,1.154623518,466.0677573,22.32,72.581,83.48332289,67.05209982,27624213,1.1423542,43991382,47.81800079,30.30012871,61.12500191,402.035,76653,19.780475,138.2355333
Peru,2005,-0.3299646,59.00625,21.77042578,32.7318398,6.854264623,1.332646084,489.6523362,22.204,72.908,84.15793542,67.7268615,27866145,0.641481502,45816194,48.56999969,35.25329003,61.22200012,407.926,80621.97,19.67281667,153.0024167
Peru,2006,-0.2001904,58.89421997,21.95473125,33.87949431,6.60348433,1.022117777,471.4453633,22.052,73.222,84.82222355,68.38743937,28102056,1.141075209,47704747,50.36500168,35.68172966,61.67199898,426.991,121826,19.830625,143.4028167
Peru,2007,-0.2462706,58.78218994,22.13519688,32.37201084,6.705808385,1.237818926,505.9504003,21.828,73.528,85.47564884,69.03319424,28333052,2.010007068,50083730,50.57799911,32.99042857,61.51099968,313.872,130092,19.60653333,121.9224667
Peru,2008,-0.1869539,58.67015381,22.31431016,25.71716003,7.160941146,1.447808278,526.3965805,21.512,73.826,86.07914458,69.61753739,28562317,3.112977982,52551736,50.48199844,35.59420149,62.82500076,319.796,135098,19.75044167,148.6020417
Peru,2009,-0.3052301,58.55812378,22.49426172,28.06084509,7.403906656,1.808368593,547.4265572,21.103,74.12,86.65898273,70.17193469,28792655,3.668322816,53655064,50.78300095,32.07184826,61.94499779,303.905,138099,19.27530833,137.0969917
Peru,2010,-0.2288108,58.44609375,22.67787031,30.79721128,6.827997236,2.000399515,643.0658206,20.621,74.41,87.23427437,70.71920317,29027674,3.197360002,54888464,51.22800064,32.86892658,61.99500084,332.9572972,140101,19.52835,136.555175
Peru,2011,-0.2199591,58.31515503,22.86274844,29.54725883,7.100110137,1.705166544,649.2562376,20.109,74.697,87.80448982,71.25870605,29264318,1.390402267,56949189,51.15800095,32.93990515,61.36199951,297.6835198,141935,19.89429167,135.1104417
Peru,2012,-0.3704499,58.18421631,23.05217813,28.25329448,6.725234241,1.872846682,692.9539738,19.617,74.981,88.37021987,71.79114632,29506788,1.13975303,56125279,50.96900177,32.80550221,58.8920002,286.0756858,142832,19.85946667,110.972325
Peru,2013,-0.4234869,58.05328369,23.26092734,25.98338532,6.668310165,1.572399054,684.1540906,19.185,75.258,88.93096555,72.31593231,29773987,0.6208231,57508050,50.74100113,33.33359868,58.79900169,292.7608006,148120,19.55771667,134.743725
Peru,2014,-0.5603161,57.92234497,23.50809297,25.99686493,6.804247414,1.705884134,790.2171922,18.827,75.529,89.48704712,72.83343991,30090359,0.382826517,59382954,51.2120018,30.90124462,58.91699791,204.6231343,148381,19.785775,114.4004167
Peru,2015,-0.5338408,57.79140625,23.80526094,25.50390552,7.04564406,1.727431902,..,18.544,75.792,90.03872453,73.34397611,30470734,0.576510795,61333632,51.26499939,27.65467302,58.94300079,183.1773127,151174,19.43261667,127.014875
Peru,2016,-0.3673783,57.66046753,24.1609625,..,6.935034617,1.856501313,..,18.323,76.044,90.58556948,73.84703641,30926032,0.764443119,62716806,..,..,..,175.4744,156430,19.78475,124.4626
Peru,2017,-0.4962701,..,24.56585703,..,6.77975956,..,..,18.134,76.286,91.12787097,74.34295659,31444297,0.599136312,65422753,..,..,..,214.52857,..,20.32996667,123.9507333
Peru,2018,-0.5318839,..,24.99160625,..,6.891732087,..,..,17.949,76.516,..,..,31989256,0.892861508,68396800,..,..,..,217.534134,..,20.36403333,122.9650583
Pakistan,2000,-0.8410398,2.744914902,184.6507602,50.95914949,25.61725958,0.747833829,450.0578734,34.703,62.82,85.99668485,31.3666565,142343578,2.961992147,11145342,63.72399902,35.53803216,53.84199905,53.662,6596,20.46583667,25.0761675
Pakistan,2001,..,2.689393876,189.3659221,51.31745439,24.19827461,0.74177304,446.0109859,34.019,63.066,86.05538438,33.23618022,145978402,3.865535405,11557191,66.4280014,35.06440143,54.06199837,117.132,7551,20.8558725,21.1350625
Pakistan,2002,-0.9082966,2.633873008,193.9986768,51.08923639,23.06293464,0.762850323,440.2513011,33.376,63.3,86.40557734,35.09865706,149549700,1.564790193,11502890,67.81999969,35.24918133,54.26900101,100.417,11532,20.69285583,15.98308
Pakistan,2003,-0.762178,2.578351982,198.5955959,49.71014652,22.8647397,0.776618469,449.5780885,32.781,63.522,86.75419813,36.95305893,153093373,2.199224502,12289391,69.71700287,37.62461033,54.11199951,116,13621,20.78021833,19.48818167
Pakistan,2004,-1.08252,2.522831114,203.2283844,47.5096912,23.08295419,0.840018833,470.9897597,32.239,63.736,87.10135494,38.79981989,156664697,3.935620845,12771228,70.76999664,41.93607827,55.11199951,221.044,22114,20.80696083,17.45571333
Pakistan,2005,-1.053138,2.467310087,207.949367,47.51559686,22.96041898,0.852356025,477.2908735,31.755,63.951,87.44689893,40.6384668,160304008,2.273086425,13258254,71.90200043,47.35731748,54.76299858,138.691,25981,20.33409917,32.17392417
Pakistan,2006,-0.8135825,2.41152968,212.7732293,46.51300838,21.60797745,0.890578012,485.9415342,31.332,64.176,87.79093722,42.39739566,164022627,2.394892075,13752567,73.46099854,51.78505603,52.94600105,112.233,28393,21.05118917,21.4776975
Pakistan,2007,-0.8167263,2.355749274,217.6838224,44.27607524,21.80047244,0.946883805,500.43205,30.96,64.42,88.13342309,44.12035165,167808105,3.390348169,14253792,74.57900238,55.68811328,51.32699776,161.576,39531,20.1510325,26.97424
Pakistan,2008,-0.8950734,2.299968867,222.6662853,45.99395551,22.50026603,0.926721426,481.0217521,30.631,64.685,88.47424664,45.80725459,171648986,3.910656805,14750542,74.77400208,58.43376739,51.20199776,230.125,43120,20.9946925,30.47072917
Pakistan,2009,-1.069159,2.24418846,227.6951134,45.77233981,22.71733001,0.904916986,477.4711307,30.339,64.969,88.81338826,47.458429,175525609,5.374286559,15255493,75.30599976,48.11192962,51.04900169,256.939,44317,20.61802833,26.53999583
Pakistan,2010,-1.087391,2.188408053,232.7530108,46.7220403,23.28158964,0.944500917,473.8497373,30.082,65.264,89.15091449,49.0745504,179424641,5.743356976,15572305,76.3259964,51.67280894,51.13599968,83.58040261,89021,20.51440917,28.10298917
Pakistan,2011,-1.076292,2.132627646,237.832856,46.07094048,25.12918271,0.93604803,467.2175434,29.86,65.562,89.48680018,50.65591101,183340592,5.32237544,15958608,75.90000153,55.98828028,51.4960022,107.179094,92200.35,20.91059167,23.55043333
Pakistan,2012,-1.062924,2.07684724,242.9450433,46.52323559,23.71024867,0.908401634,462.6770106,29.667,65.849,89.82101596,52.20281211,187281475,5.730826615,16407919,76.06199646,52.61989526,50.11199951,122.151244,72292.85,20.9999225,32.0799
Pakistan,2013,-0.9563623,2.021066833,248.1098472,47.46095201,23.83211646,0.914224403,464.0383586,29.491,66.117,90.15339228,53.71491404,191262919,4.27401356,16605508,75.43800354,49.77670278,49.84399891,334.8804857,125692.9,20.724895,26.79003
Pakistan,2014,-0.833834,1.965286426,253.3556779,46.60452974,23.74454012,0.933991503,460.2347972,29.318,66.36,90.48406022,55.19319682,195306825,6.119001617,16877968,74.89600372,46.78524633,50.5389986,295.3122654,115271.4,20.05353583,22.83523417
Pakistan,2015,-0.8107558,1.909506019,258.7003995,46.47632492,23.81706316,0.945421162,..,29.124,66.577,90.81298697,56.6379614,199426964,4.870199775,17052108,73.78700256,45.13394466,49.93000221,329.5688173,90976.46,20.65271667,29.1535375
Pakistan,2016,-0.8754649,1.853725612,264.1491335,..,23.21519879,0.987832348,..,28.888,66.77,91.1401418,58.2573676,203627284,2.208572109,17169769,..,..,..,276.1751,100187.2,20.5278675,22.957235
Pakistan,2017,-0.7782941,..,269.6874818,..,22.92586789,..,..,28.599,66.947,91.46545073,59.86949503,207896686,4.355175704,17209815,..,..,..,316.825703,..,20.55905917,33.14083917
Pakistan,2018,-0.7908247,..,275.2893187,..,22.85564472,..,..,28.25,67.114,..,..,212215030,3.581144545,17532996,..,..,..,313.2646412,..,21.41461667,23.913655
Sri Lanka,2000,-0.1829986,34.9545527,299.4355127,64.15656553,19.92731504,0.545238127,443.4264526,18.463,71.333,79.54815332,84.63792304,18777601,1.224592312,7978309,52.51499939,88.6364417,41.38100052,255.708,4420,27.72395,121.6492092
Sri Lanka,2001,..,34.71854491,301.57439,62.92774237,20.0666052,0.552229542,425.6340906,18.492,72.233,80.15522622,85.26367598,18911730,1.12676595,7864117,52.29700089,80.89860153,39.10899925,217.567,3610,26.97944167,146.307075
Sri Lanka,2002,-0.1835918,34.48253711,303.9783448,62.09988588,14.27932254,0.579987695,430.0446815,18.535,73.085,80.73648973,85.88964208,19062482,1.05898829,7830731,51.70999908,76.33513178,39.33699894,203.126,2651,27.12989167,139.512925
Sri Lanka,2003,-0.2262302,34.24653321,306.5545686,61.30121413,13.23051488,0.576258098,451.6189289,18.574,73.799,81.31739231,86.51579943,19224037,1.090747209,7907981,51.92699814,75.33624733,39.49999905,238.009,3462,27.28871667,119.9572
Sri Lanka,2004,-0.1458181,34.01052542,309.1556849,61.60870184,12.54380414,0.634395262,453.8068586,18.592,74.337,81.89774709,87.14215565,19387153,1.188277909,7984113,51.73300171,79.4829449,37.62000084,312.627,4003,27.39383333,142.321675
Sri Lanka,2005,-0.3397865,33.77451762,311.6725881,60.07623083,11.81947682,0.619140825,460.5093132,18.576,74.695,82.47739027,87.76874496,19544988,1.211327409,8056471,52.00500107,73.60397296,37.64500046,310.362,4304,27.361075,134.3720417
Sri Lanka,2006,-0.2000842,33.72667836,314.0802424,62.17400405,11.33628023,0.608064532,461.1367746,18.513,74.904,83.05665374,88.39550557,19695972,1.126677351,8123334,52.5870018,71.26117849,41.17199993,325.413,5652,27.12045833,159.31
Sri Lanka,2007,-0.1529482,33.6788391,316.4095679,60.1968626,11.68316433,0.622623506,466.7071598,18.404,75.037,83.6352177,89.02251365,19842044,1.116128543,8183016,52.77000046,68.60651166,40.61300087,343.641,8233,27.21448333,138.5861
Sri Lanka,2008,-0.2252109,33.63099984,318.6730027,61.57084203,13.37920077,0.610861328,456.0943403,18.252,75.157,84.2133872,89.64967754,19983984,1.697007228,8231291,53.0359993,63.36904361,40.8930006,331.457,7474,27.170825,176.3632167
Sri Lanka,2009,-0.3974278,33.58316058,320.897911,63.50919518,12.6919713,0.65473331,449.5265438,18.061,75.286,84.79100765,90.33813202,20123508,1.863919403,8273940,52.5019989,49.14914153,39.66800117,278.998,7548.679,27.12896667,130.8357333
Sri Lanka,2010,-0.4213479,33.53532132,323.1021687,61.84228066,8.496140278,0.654610165,480.7718608,17.838,75.439,85.36794587,91.02494527,20261737,1.847465449,8310608,52.02000046,46.36389037,41.83500099,339.0489194,8058.14,27.02765,164.746525
Sri Lanka,2011,-0.3932713,33.43007339,325.2857598,59.24946453,8.831663963,0.742076616,512.6741106,17.594,75.614,85.94446759,91.71001286,20398670,0.96035049,8341363,52.13700104,54.98457842,42.17700005,364.50263,11912.22,27.39329167,136.4742583
Sri Lanka,2012,-0.2367883,33.32482935,325.7056291,60.6912926,7.449325527,0.786362791,551.0207099,17.343,75.796,86.52044584,92.39339697,20425000,0.841839966,8242391,51.38700104,51.4920819,40.69999981,405.42043,8839.756,27.55480833,142.3408817
Sri Lanka,2013,-0.214865,33.21958143,328.2570563,59.87225334,7.666516518,0.724493029,487.3784309,17.093,75.974,87.09783347,93.0745543,20585000,1.464115839,8250892,52.59700012,49.2577922,41.14900112,385.12,30881.3,27.33205833,129.6267417
Sri Lanka,2014,-0.3438567,33.11433739,331.3347154,57.58518113,8.006609793,0.862657426,515.5110213,16.849,76.147,87.67644335,93.75370037,20778000,1.375173042,8172455,51.70899963,50.2508827,40.72299957,384.7086541,34220.3,27.52645833,142.0134
Sri Lanka,2015,-0.3441554,33.00908946,334.396428,52.87589204,8.184271461,0.959155699,..,16.609,76.316,88.25596764,94.43110246,20970000,1.255214049,8498965,51.35900116,49.55879659,40.3920002,381.6320526,36037.75,27.295225,121.92065
Sri Lanka,2016,-0.3107294,32.90384153,338.1119439,..,7.426799696,1.101846767,..,16.364,76.482,88.83598462,95.10703002,21203000,1.126054421,8449225,..,..,..,403.075584,30974.22,27.426625,153.2497
Sri Lanka,2017,-0.4518619,..,341.9550311,..,7.833029204,..,..,16.106,76.648,89.41629243,95.78172636,21444000,0.84371829,8519572,..,..,..,398.4734642,..,27.41980833,175.6013083
Sri Lanka,2018,-0.3355731,..,345.558922,..,7.924707814,..,..,15.831,76.812,..,..,21670000,1.096793248,8630101,..,..,..,436.198,..,27.72951667,99.62023833
Uganda,2000,-0.8738403,19.36339523,118.3633051,93.90604626,27.50910688,0.060780277,..,48.584,46.229,26.75161624,17.38951187,23650172,3.189155246,7964690,67.91200256,32.74903334,86.19299889,20.653,820,23.211,100.7505
Uganda,2001,..,18.92297683,122.0607978,94.15308823,27.85024148,0.061946205,..,48.318,47.22,27.91321306,17.4949237,24388968,2.337226332,8210198,67.79199982,35.32997678,86.14899826,21.066,2360,23.06031667,104.5412667
Uganda,2002,-0.9083948,18.48255843,125.9559431,94.31779241,23.433428,0.061924706,..,48.04,48.299,29.09729503,17.59526347,25167257,2.59476175,8474559,67.70999908,36.27779416,85.12800026,21.277,4915,23.398375,94.853825
Uganda,2003,-0.8139555,18.04214003,130.026285,94.2259279,24.50702258,0.062667953,..,47.748,49.421,30.3032617,17.69049443,25980552,2.593888371,8754685,67.99500275,36.58572647,84.38699913,23.405,5500,23.83838333,102.1643917
Uganda,2004,-0.7794363,17.60172164,134.2340073,93.92102718,21.67035264,0.064805143,..,47.438,50.554,31.53096942,17.78072051,26821297,2.988527292,9055603,68.53500366,35.46008625,77.49199867,26.682,5539,24.2164,104.3795833
Uganda,2005,-0.8235874,17.16130324,138.5545518,92.80583388,25.07493613,0.078414179,..,47.101,51.676,32.77786988,17.86534565,27684585,3.190820333,9377010,69.06600189,38.99428548,78.71399879,28.55,10817,24.10709167,98.03860833
Uganda,2006,-0.7859881,16.48466067,142.9932186,92.4206124,24.03493298,0.088814596,..,46.728,52.784,34.04569807,17.94504466,28571475,3.72044058,9719420,68.75800323,43.63328579,77.76199913,33.975,32392,23.88851667,93.84854167
Uganda,2007,-0.8213381,15.80801811,147.5718833,92.30914666,22.27811368,0.097997791,..,46.308,53.887,35.33237186,18.01937743,29486338,4.213615704,10083345,68.43900299,46.77741665,77.12400246,30.578,51110,24.017025,74.79375
Uganda,2008,-0.8326218,15.13137432,152.3033682,92.28420872,21.38459856,0.104834308,..,45.834,54.984,36.63811015,18.08858361,30431736,6.479820608,10456546,68.11599731,56.25826821,76.74099922,29.544,52250,23.77296667,112.3232
Uganda,2009,-0.901867,14.45473175,157.2048246,92.43868599,33.70788729,0.107636295,..,45.299,56.06,37.96132133,18.15238831,31411096,6.44527613,10855276,67.80999756,46.74474975,77.10099983,26.855,76654.1,23.67176667,127.3089083
Uganda,2010,-0.9175547,13.72930381,161.7203621,91.60617339,31.96911532,0.120883274,..,44.693,57.099,39.30215016,18.21102389,32428167,5.118755092,11278085,68.01000214,45.71982165,77.14800072,0.735263,95000,23.69809167,102.6291833
Uganda,2011,-0.9205488,13.0550571,166.9505236,91.09121326,28.40300806,0.127392876,..,44.007,58.087,40.65941927,18.26435129,33476919,4.631929852,11722812,68.22200012,52.93644219,76.38899803,0.665850655,85712.7,24.30930833,99.22845833
Uganda,2012,-0.9884557,12.38081038,172.3477359,91.26617591,26.65641249,0.118310285,..,43.248,59.017,42.03276613,18.31247334,34559168,2.694240313,12188774,68.54199982,53.33849103,76.36999893,0.803977562,95906,23.935525,118.7161583
Uganda,2013,-1.042657,11.70656245,178.0133952,90.75016556,25.77605217,0.123482382,..,42.428,59.881,43.42022923,18.35504327,35695246,4.432458026,12668625,69.625,50.89653308,76.19600105,0.86022,98063,23.594025,110.5298417
Uganda,2014,-1.085041,11.03231573,184.0821265,90.22213006,24.60822367,0.129345873,..,41.564,60.669,44.82258425,18.39250736,36912148,5.214905283,13172930,69.51200104,46.3165282,75.77499962,0.670884,111023,23.3894,124.8677917
Uganda,2015,-1.051651,10.35806902,190.6316228,89.05794898,23.29637597,0.139771241,..,40.68,61.373,46.23822499,18.42463657,38225453,4.455365919,13664315,69.37200165,47.6644213,75.34800148,0.023472,117590,23.410325,134.8160167
Uganda,2016,-1.056744,9.683822306,197.723449,..,22.4278865,0.143267095,..,39.8,61.986,47.66563132,18.45123259,39647506,3.878679401,14172510,..,..,..,0.02300256,118051.2,23.482925,99.98270833
Uganda,2017,-1.042836,..,205.2786006,..,23.45883538,..,..,38.947,62.516,49.10403239,18.47231816,41162465,2.721697426,14698381,..,..,..,..,..,23.55038333,114.5927833
Uganda,2018,-1.038054,..,213.0617345,..,22.80939552,..,..,38.135,62.973,..,..,42723139,2.59855532,15233398,..,..,..,..,..,23.86768333,114.57165
Vietnam,2000,-0.568332,37.70012216,256.8971002,57.96370073,24.534582,0.671308552,359.6033143,17.429,73.025,80.14246784,52.36566347,79910412,6.141214403,40327942,75.37200165,111.4170944,81.04100037,117.332,513517,25.32508333,149.0131
Vietnam,2001,..,38.56440258,259.5470732,56.35774932,23.24104759,0.757220692,379.5465756,17.031,73.228,81.02644783,54.24083614,80742499,4.922663457,41354041,74.9489975,111.955938,78.62599945,135.363,603098,24.33866667,175.8269833
Vietnam,2002,-0.5696136,39.50088553,262.5484044,52.41332939,23.02944218,0.868419917,410.1504534,16.82,73.438,81.9040527,56.10414636,81534407,4.16392408,42312002,75.40200043,116.6968687,78.96199799,151.91,718041,24.29319167,148.011
Vietnam,2003,-0.4990683,40.4328055,265.4292773,51.02385557,22.54243671,0.957054376,426.6101523,16.734,73.654,82.77435316,57.95381629,82301656,3.977335462,43407469,75.24500275,124.3279544,77.55900192,164.459,952502,24.71243333,176.3661917
Vietnam,2004,-0.734896,41.30357661,267.8840939,45.98952382,21.80769935,1.090129494,469.1355715,16.74,73.875,83.63763233,59.79050287,83062821,3.992687051,44383326,75.25099945,133.0164979,73.88199997,216.527,1213617,24.90439167,168.8604583
Vietnam,2005,-0.7242912,42.17434773,270.3668881,44.35696306,19.29997888,1.170708252,492.0724513,16.805,74.092,84.49318726,61.68631162,83832661,3.666012292,45289503,75.04599762,130.714846,69.68899918,230.186,1452300,24.97435,129.9013667
Vietnam,2006,-0.7458543,42.8522598,272.8981843,44.46111764,18.72678545,1.214192778,499.5559313,16.903,74.295,85.34112347,63.57246996,84617540,3.544081073,46205807,74.85900116,138.3136219,68.55399895,216.012,1672727,24.61105833,130.1136917
Vietnam,2007,-0.6293012,43.53017187,275.4848615,42.10217794,18.6550997,1.227733963,532.4878224,17.017,74.474,86.18120264,65.44870704,85419591,3.390403646,47171711,74.65899658,154.605384,67.57100105,258.488,2100400,24.81881667,157.7486333
Vietnam,2008,-0.7071454,44.20808079,278.1417519,39.4589931,20.41314392,1.368182472,563.9279605,17.129,74.625,87.01307033,67.3144916,86243413,3.616000904,48034823,74.78600311,154.3174796,66.395998,295.759,2477450,24.71604167,152.7939167
Vietnam,2009,-0.5441679,44.88599286,280.879324,37.16681368,19.16845987,1.476951428,609.2761386,17.221,74.745,87.83675114,69.17011283,87092252,8.654717714,48953545,74.60700226,134.7063177,65.98800087,311.502,2571080,24.38475,167.3985167
Vietnam,2010,-0.6235763,45.56390492,283.7025543,34.79589882,18.37848058,1.622618922,669.6999218,17.282,74.837,88.65319137,71.01800733,87967651,9.663039055,49925424,74.88999939,152.2173686,64.81200027,426.91573,2701317,23.8965,163.8767417
Vietnam,2011,-0.6073088,45.97994001,286.6177347,36.52695938,19.56775113,1.712240646,662.5571706,17.316,74.904,89.46054947,72.85442297,88871561,7.168819875,50869267,75.72200012,162.9145503,63.51600075,475.3856596,2859581,24.57829167,137.8751167
Vietnam,2012,-0.5280005,46.3959751,289.6200439,38.11436603,19.221401,1.588281536,667.3200042,17.331,74.958,90.25871046,74.67936457,89802487,6.9006118,51939895,76.32800293,156.5539303,62.61400032,503.5503227,3103351,24.92385833,132.821825
Vietnam,2013,-0.4782664,46.81201019,292.6870449,37.39155073,17.96358637,1.622307629,660.3341082,17.333,75.006,91.04709896,76.49172124,90753472,5.481799304,52960884,76.6230011,165.094237,62.62700081,497.1798203,3220071,23.88394167,166.8919583
Vietnam,2014,-0.4362011,47.22804528,295.7867417,37.03547263,17.69919977,1.824531973,..,17.315,75.056,92.27634392,78.29218375,91714595,5.370298997,53977063,77.09300232,169.5345132,62.20299911,450.2200379,3354342,24.783025,178.814425
Vietnam,2015,-0.4261965,47.64408037,298.8908182,34.99856984,16.992212,2.032107552,..,17.259,75.11,93.19886854,80.08031187,92677076,5.19792941,54961593,76.83399963,178.7674147,57.72199821,384.47024,3450200,24.517575,178.3691917
Vietnam,2016,-0.4524708,48.06011546,301.9922082,..,16.31964409,2.057565917,..,17.15,75.172,93.99012251,81.85570363,93638724,4.940800273,55902420,..,..,..,451.25618,3634531,24.65445,138.3499333
Vietnam,2017,-0.5831431,..,305.0815687,..,15.34488286,..,..,16.979,75.241,94.71880561,83.51504947,94596642,6.106361156,56489773,..,..,..,453.34954,..,25.13700833,143.9634
Vietnam,2018,-0.4854065,..,308.1252459,..,14.68197863,..,..,16.745,75.317,..,..,95540395,6.138072368,56888431,..,..,..,481.369979,..,25.07315833,165.7384833
